yearmonth,UserKey_4Map,Country,productgroupcode,SalesRep_Code,salesrepemployeeid_z,MTD Sales,QTD Sales
2024-08-01,ID_MR_MRTAEDC1,ID,JAM,MRTAEDC1,,410640716.0,2866925524.0
2024-08-01,ID_MR_MRSBAL02,ID,JVM,MRSBAL02,ipusari,363532892.0,373717892.0
2024-08-01,ID_MR_MRJKRE05,ID,SPV,MRJKRE05,jtawan,361378880.0,366619758.0
2024-08-01,ID_MR_MRBADC01,ID,HLG,MRBADC01,ppomdi,252698948.0,273719409.0
2024-08-01,ID_MR_MRJKRE02,ID,BER,MRJKRE02,adrahman,246960903.0,294935915.0
2024-08-01,ID_MR_MRDPALZ1,ID,JVM,MRDPALZ1,,213251129.0,1882241174.0
2024-08-01,ID_MR_MRJKRE08,ID,BER,MRJKRE08,,194847392.0,552591157.0
2024-08-01,ID_MR_MRJKME20,ID,JAR,MRJKME20,arareza,191219317.0,397942394.0
2024-08-01,ID_MR_MRJKALZ1,ID,BTX,MRJKALZ1,,189792755.0,1235381409.0
2024-08-01,ID_MR_MRJKME27,ID,JAR,MRJKME27,fmsitompul,187904251.0,367861630.0
2024-08-01,ID_MR_MRDPAL02,ID,BTX,MRDPAL02,rusubiyanto,173122641.0,488675390.0
2024-08-01,ID_MR_MRJKAB02,ID,BCT,MRJKAB02,upriyatna,167310000.0,190691489.0
2024-08-01,ID_MR_MRJKD104,ID,JAM,MRJKD104,jmartin,166395967.0,525744328.0
2024-08-01,ID_MR_MRBLRE01,ID,SPV,MRBLRE01,nmhutagalung,139970780.0,326464560.0
2024-08-01,ID_MR_MRPDRE01,ID,BRE,MRPDRE01,mmurinawati,129505495.0,259146860.0
2024-08-01,ID_MR_MRYOD202,ID,HLG,MRYOD202,bjasmoro,121691538.0,517876438.0
2024-08-01,ID_MR_MRSORE01,ID,SPP,MRSORE01,bawibowo,120000066.0,189271910.0
2024-08-01,ID_MR_MRJKOF02,ID,OFE,MRJKOF02,aibputri,112649822.0,520029013.69
2024-08-01,ID_MR_MRJKAL03,ID,JVM,MRJKAL03,evtiomas,104032743.0,426972790.0
2024-08-01,ID_MR_MRDPRE01,ID,SPP,MRDPRE01,ikduarsa,99449830.0,229438624.0
2024-08-01,ID_MR_MRJKCK02,ID,TEA,MRJKCK02,fakbar,94345562.0,101945819.6
2024-08-01,ID_MR_MRKURE01,ID,SPV,MRKURE01,swsatria,92135508.0,144111508.0
2024-08-01,ID_MR_MRYOD201,ID,HLG,MRYOD201,asuryanto,81561450.0,388713223.0
2024-08-01,ID_MR_MRMKOC01,ID,TXO,MRMKOC01,ahkuncara,71933610.0,92164842.0
2024-08-01,ID_MR_MRJKRE07,ID,BER,MRJKRE07,pdmtua,71707722.0,158977186.0
2024-08-01,ID_MR_MRSOD202,ID,HLG,MRSOD202,ssugiyanto,71510836.0,395701731.0
2024-08-01,ID_MR_MRSMNS01,ID,VLY,MRSMNS01,fqnursecha,71378730.0,95749200.0
2024-08-01,ID_MR_MRSBSP01,ID,ACT,MRSBSP01,wwinaryo,70624719.0,320480448.0
2024-08-01,ID_MR_MRSBAB01,ID,BCT,MRSBAB01,pnazizah,69884100.0,91511469.0
2024-08-01,ID_MR_MRJKJA01,ID,VLY,MRJKJA01,ariskiyono,68802445.0,199463253.0
2024-08-01,ID_MR_MRJKCV12,ID,TWY,MRJKCV12,derahman,68763749.0,172601628.0
2024-08-01,ID_MR_MRMDDC01,ID,TRU,MRMDDC01,ajakaria,67293190.0,100557138.0
2024-08-01,ID_MR_MRMKAL01,ID,BTX,MRMKAL01,enatalia,67121828.0,529025986.0
2024-08-01,ID_MR_MRPKVM01,ID,TRJ,MRPKVM01,mrhfitri,66746401.0,239368467.0
2024-08-01,ID_MR_MRMLD202,ID,HLG,MRMLD202,rhari,65931912.0,255093390.0
2024-08-01,ID_MR_MRSOD201,ID,HLG,MRSOD201,esjayanti,63074116.0,348043905.0
2024-08-01,ID_MR_MRJKOB05,ID,FDR,MRJKOB05,rmelati,62915617.0,534496331.0
2024-08-01,ID_MR_MRBDME03,ID,JAR,MRBDME03,vcharesa,60966111.0,356510862.70000005
2024-08-01,ID_MR_MRBDME04,ID,JAR,MRBDME04,ibsyahbana,58580519.0,299745405.4
2024-08-01,ID_MR_MRJKD203,ID,HLG,MRJKD203,rmargining,56183028.0,355775974.0
2024-08-01,ID_MR_MRPKCRX1,ID,MRD,MRPKCRX1,,56080024.0,718095370.0
2024-08-01,ID_MR_MRPJKAB01,ID,ADA,MRPJKAB01,kkifron,55900583.0,174151817.0
2024-08-01,ID_MR_MRSMRE01,ID,SPV,MRSMRE01,anherlambang,55355013.0,99657317.0
2024-08-01,ID_MR_MRJKD101,ID,JAM,MRJKD101,wlestari,55277432.0,262027605.0
2024-08-01,ID_MR_MRDPD202,ID,HLG,MRDPD202,esari,54148237.0,660908623.0
2024-08-01,ID_MR_MRSBOL01,ID,YUL,MRSBOL01,drahmani,53748687.0,220914440.0
2024-08-01,ID_MR_MRPBRE02,ID,BER,MRPBRE02,jnur,53400358.0,297805508.0
2024-08-01,ID_MR_MRBDCV02,ID,TRJ,MRBDCV02,kkusnadi,51165998.0,419277553.0
2024-08-01,ID_MR_MRTMDC01,ID,JAN,MRTMDC01,aaputra,49348424.0,431368939.0
2024-08-01,ID_MR_MRJKD113,ID,JAN,MRJKD113,dkrisdiantoro,49083905.0,170871088.0
2024-08-01,ID_MR_MRJKNS02,ID,CIA,MRJKNS02,eandri,48049626.0,367738199.41999996
2024-08-01,ID_MR_MRBDDC03,ID,HLG,MRBDDC03,tegustina,47866650.0,155946977.0
2024-08-01,ID_MR_MRJKME11,ID,JAR,MRJKME11,hjsetiawan,47343475.0,183117399.0
2024-08-01,ID_MR_MRYOAL01,ID,BTX,MRYOAL01,htpratiwi,46047279.0,2026263024.0
2024-08-01,ID_MR_MRBDDC02,ID,HLG,MRBDDC02,rnapitupulu,44971200.0,270779583.0
2024-08-01,ID_MR_MRMDNS01,ID,CIA,MRMDNS01,ssiregar,44839000.0,221521712.0
2024-08-01,ID_MR_MRBADC02,ID,JAN,MRBADC02,msihombing,43379700.0,45689083.0
2024-08-01,ID_MR_MRJKNS07,ID,CIA,MRJKNS07,ghajrian,43321380.0,358547006.42
2024-08-01,ID_MR_MRJKD102,ID,JAM,MRJKD102,dindriati,42821355.0,203730191.0
2024-08-01,ID_MR_MRJBDC02,ID,JAN,MRJBDC02,msinwanudin,42316249.0,116838914.0
2024-08-01,ID_MR_MRJKCV22,ID,TRJ,MRJKCV22,shwibowo,41836075.0,56455524.0
2024-08-01,ID_MR_MRJKME08,ID,JAR,MRJKME08,eanggraeny,40828193.0,136573549.0
2024-08-01,ID_MR_MRJKME23,ID,JAR,MRJKME23,ryani,40287504.0,195257275.0
2024-08-01,ID_MR_MRBDOB02,ID,TGR,MRBDOB02,srezasari,40039860.0,85660863.0
2024-08-01,ID_MR_MRJKME16,ID,JAR,MRJKME16,nmrani,39932461.0,214623009.0
2024-08-01,ID_MR_MRMDOC01,ID,ALM,MRMDOC01,inovita,39803166.0,161629104.0
2024-08-01,ID_MR_OSTGGJX1,ID,YUL,OSTGGJX1,,39520152.0,67008312.0
2024-08-01,ID_MR_MRJKD105,ID,JAM,MRJKD105,kirpan,39517952.0,191607311.0
2024-08-01,ID_MR_MRJKRE03,ID,BER,MRJKRE03,agprasetyo,39510582.0,426287183.0
2024-08-01,ID_MR_MRBDRE02,ID,BER,MRBDRE02,jjatnika,39501285.0,178123216.0
2024-08-01,ID_MR_MRSBD102,ID,TRU,MRSBD102,swahyuni;wsaptieko,38224761.0,132568158.0
2024-08-01,ID_MR_MRSBCV04,ID,TRJ,MRSBCV04,hhandayani,38194265.0,115547603.0
2024-08-01,ID_MR_MRDPNS01,ID,VLY,MRDPNS01,dhsusanto,37709208.0,53257408.0
2024-08-01,ID_MR_MRJKSPX1,ID,OFE,MRJKSPX1,aibputri;rridhatama,37664074.0,280197884.0
2024-08-01,ID_MR_MRPBRE01,ID,BER,MRPBRE01,eapriadi,37339782.0,181442516.0
2024-08-01,ID_MR_MRSDRE01,ID,BER,MRSDRE01,arajab,36988345.0,204890800.0
2024-08-01,ID_MR_MRBDRE03,ID,BER,MRBDRE03,hheriyana,36879210.0,100625839.0
2024-08-01,ID_MR_MRJKNS01,ID,CIA,MRJKNS01,abahrul,36764794.0,288558204.83000004
2024-08-01,ID_MR_MRBARE01,ID,BER,MRBARE01,jmuhaini,36208000.0,123733150.0
2024-08-01,ID_MR_MRSBCV01,ID,TRJ,MRSBCV01,tahervianto,36023298.0,92754994.0
2024-08-01,ID_MR_MRJKD201,ID,HLG,MRJKD201,kimaulana,35203675.0,46106238.0
2024-08-01,ID_MR_MRBDME01,ID,JAR,MRBDME01,uemzaripin,34972343.0,210373433.24999994
2024-08-01,ID_MR_MRMKD101,ID,TRU,MRMKD101,aontar,34928328.0,162742796.0
2024-08-01,ID_MR_MRPDSP01,ID,ACT,MRPDSP01,jsetiono,34718654.0,206921119.0
2024-08-01,ID_MR_MRJKCV15,ID,TRJ,MRJKCV15,lmimanda,34419708.0,52111073.0
2024-08-01,ID_MR_MRJKJA03,ID,COE,MRJKJA03,apsetiawan,33905541.0,86816780.0
2024-08-01,ID_MR_MRJKNS06,ID,CIA,MRJKNS06,mwidodo,33367419.0,275673835.41999996
2024-08-01,ID_MR_MRMDDP01,ID,UNA,MRMDDP01,DWartito,33250000.0,44302800.0
2024-08-01,ID_MR_MRMLD101,ID,JAM,MRMLD101,ariekurniawan,33111749.0,169760376.0
2024-08-01,ID_MR_MRJKME25,ID,JAR,MRJKME25,ranita,33103702.0,117388048.0
2024-08-01,ID_MR_MRSBME01,ID,JAR,MRSBME01,aharianto,30519687.0,133023736.0
2024-08-01,ID_MR_MRJKNS05,ID,CIA,MRJKNS05,awahyusari,30278804.0,294960407.9499999
2024-08-01,ID_MR_MRMDD102,ID,JAM,MRMDD102,nasmiry,29945054.0,158056548.0
2024-08-01,ID_MR_MRSMDC01,ID,JAM,MRSMDC01,dwidodo,29715060.0,83750468.0
2024-08-01,ID_MR_MRJKD204,ID,JAM,MRJKD204,azarifin,29681149.0,168114830.0
2024-08-01,ID_MR_MRBDRE01,ID,COI,MRBDRE01,msahid,29156657.0,174215644.0
2024-08-01,ID_MR_MRBDVMX1,ID,JAR,MRBDVMX1,,28600812.0,158481490.0
2024-08-01,ID_MR_MRMDME03,ID,JAR,MRMDME03,ypginting,28528673.0,121988490.0
2024-08-01,ID_MR_MRJKME15,ID,JAR,MRJKME15,imnugroho,28458652.0,148442653.0
2024-08-01,ID_MR_MRJKD109,ID,JAM,MRJKD109,azulfikar,28173087.0,46512687.0
2024-08-01,ID_MR_MRMDCKX03,ID,TEA,MRMDCKX03,cwningrum,27992928.0,56248998.0
2024-08-01,ID_MR_MRJKNS04,ID,CIA,MRJKNS04,twahyudi,27850663.0,448874159.54
2024-08-01,ID_MR_MRJKCV20,ID,GLX,MRJKCV20,ihmaulana,27558603.0,117379234.0
2024-08-01,ID_MR_MRJKME06,ID,JAR,MRJKME06,rrosnovianti,26763276.0,561616059.0
2024-08-01,ID_MR_MRDPAB01,ID,ADA,MRDPAB01,mludfi,26203399.0,148110899.0
2024-08-01,ID_MR_MRYOAB01,ID,ADA,MRYOAB01,wprasetia,25988632.0,71033632.0
2024-08-01,ID_MR_MRJKD202,ID,TRU,MRJKD202,trahayu,25958980.0,98525862.0
2024-08-01,ID_MR_MRMDCV01,ID,TRJ,MRMDCV01,rgsilitonga,25934414.0,69494015.0
2024-08-01,ID_MR_MRJKME09,ID,JAR,MRJKME09,nandini,25925347.0,474286581.0
2024-08-01,ID_MR_MRYOD101,ID,TRU,MRYOD101,lfitria,25875917.0,104016772.0
2024-08-01,ID_MR_MRBJRE01,ID,BER,MRBJRE01,ifauzan,25722610.0,107271990.0
2024-08-01,ID_MR_MRJKCV09,ID,TRJ,MRJKCV09,esiswanto,25716961.0,105378339.0
2024-08-01,ID_MR_MRJKOL06,ID,ALM,MRJKOL06,ssyaban,25591110.0,92383906.0
2024-08-01,ID_MR_MRBDOL01,ID,CYR,MRBDOL01,nvijayanti,25591110.0,63995318.0
2024-08-01,ID_MR_MRJKD110,ID,JAM,MRJKD110,fginting,25308729.0,51559527.0
2024-08-01,ID_MR_MRBDCV01,ID,TRJ,MRBDCV01,ftadhytama,25226408.0,120392180.6
2024-08-01,ID_MR_MRPKCKX01,ID,TEA,MRPKCKX01,arudito,25082880.0,25369888.0
2024-08-01,ID_MR_MRSBOB02,ID,FDR,MRSBOB02,sbalrijanto,24871957.0,135505116.0
2024-08-01,ID_MR_MRJKAL04,ID,JVM,MRJKAL04,hrosady,24552273.0,121110771.0
2024-08-01,ID_MR_MRJKRX01,ID,ARV,MRJKRX01,fdpratama,24509743.0,49849891.0
2024-08-01,ID_MR_MRJKNS03,ID,CIA,MRJKNS03,dafatin,23910228.0,313981078.4200001
2024-08-01,ID_MR_MRJKOB04,ID,TGR,MRJKOB04,sferoni,23532412.0,290905307.0
2024-08-01,ID_MR_MRSBRE01,ID,BER,MRSBRE01,mirosjadi,23409024.0,42679500.0
2024-08-01,ID_MR_MRBGAB01,ID,SVF,MRBGAB01,ppintorhot,23381494.0,129353098.0
2024-08-01,ID_MR_MRSDDC01,ID,TRU,MRSDDC01,errinaldy,23303357.0,84727336.0
2024-08-01,ID_MR_MRPKRE01,ID,COI,MRPKRE01,pehutahaean,23267965.0,134929490.0
2024-08-01,ID_MR_MRJKME30,ID,JAR,MRJKME30,hnurasyid,23161543.0,176128952.0
2024-08-01,ID_MR_MRJKME03,ID,JAR,MRJKME03,datmoko,23034650.0,335961067.0
2024-08-01,ID_MR_MRJKCV14,ID,TRJ,MRJKCV14,hanugroho,22981345.0,68860331.0
2024-08-01,ID_MR_MRPBDC02,ID,JAM,MRPBDC02,ailubis,22804984.0,112373018.0
2024-08-01,ID_MR_MRYODP01,ID,SYN,MRYODP01,bwidayanto,22725510.0,51331095.0
2024-08-01,ID_MR_MRJKD205,ID,HLG,MRJKD205,yseptiarini,22672392.0,101794076.0
2024-08-01,ID_MR_MRJKCV06,ID,TWY,MRJKCV06,mqmawardi,22642115.0,248188126.0
2024-08-01,ID_MR_MRBGDC02,ID,HLG,MRBGDC02,iprakosa,22613886.0,76221578.0
2024-08-01,ID_MR_MRBDDP01,ID,ZYP,MRBDDP01,ifuryan,22395740.0,143400217.0
2024-08-01,ID_MR_MRPKDC01,ID,HLG,MRPKDC01,dannisa,22100383.0,83931592.0
2024-08-01,ID_MR_MRBDDC01,ID,HLG,MRBDDC01,nandhyani,21275930.0,141581036.0
2024-08-01,ID_MR_MRSBJA01,ID,UNA,MRSBJA01,bhabibi,20900000.0,45041809.0
2024-08-01,ID_MR_MRJKME24,ID,JAR,MRJKME24,rbasuki,20801364.0,295299756.0
2024-08-01,ID_MR_MRPBCRX1,ID,TRJ,MRPBCRX1,,20440134.8,203022461.20000002
2024-08-01,ID_MR_MRPTRE01,ID,BER,MRPTRE01,herherman,20423419.0,218736763.0
2024-08-01,ID_MR_MRJKME02,ID,JAR,MRJKME02,cmwati,20063884.0,209267858.0
2024-08-01,ID_MR_MRJKME26,ID,JAR,MRJKME26,epamuji,20032019.0,189781220.0
2024-08-01,ID_MR_MRJKOL03,ID,GIO,MRJKOL03,wawaludin,19961066.0,533123928.0
2024-08-01,ID_MR_MRJKCV11,ID,TRJ,MRJKCV11,griyanto,19903123.0,253779612.0
2024-08-01,ID_MR_MRYONS01,ID,ZYP,MRYONS01,anugroho,19717604.0,34973943.0
2024-08-01,ID_MR_MRPBVM03,ID,TWY,MRPBVM03,maklubis,19280194.0,86334676.0
2024-08-01,ID_MR_MRCRRE01,ID,BER,MRCRRE01,abasir,19201788.0,79888526.0
2024-08-01,ID_MR_MRSMRX01,ID,XNC,MRSMRX01,ytriwahyudi,18628469.0,94288349.0
2024-08-01,ID_MR_MRSBME02,ID,JAR,MRSBME02,lragnesia,18069944.0,113279038.0
2024-08-01,ID_MR_MRSBSP02,ID,SIF,MRSBSP02,,18062665.0,121710747.0
2024-08-01,ID_MR_MRSBRE02,ID,COI,MRSBRE02,ptoyadhiprata,17974052.0,327455455.0
2024-08-01,ID_MR_MRMLRE01,ID,BER,MRMLRE01,hekurniawan,17923410.0,58199201.0
2024-08-01,ID_MR_MRBDD101,ID,JAM,MRBDD101,epermatasari,17904824.0,146871208.0
2024-08-01,ID_MR_MRSDVM01,ID,MRD,MRSDVM01,enurbayani,17751268.0,66741853.0
2024-08-01,ID_MR_MRJKSP03,ID,SIF,MRJKSP03,,17671239.0,48635173.0
2024-08-01,ID_MR_MRSBD203,ID,HLG,MRSBD203,umahfudhoh,17593452.0,98691611.0
2024-08-01,ID_MR_MRSBME03,ID,JAR,MRSBME03,berwanto,17543298.0,107970783.0
2024-08-01,ID_MR_MRJKD112,ID,TRU,MRJKD112,hkomalasari,17350700.0,206197250.0
2024-08-01,ID_MR_MRJKRX03,ID,XNC,MRJKRX03,lmikoyan,17297865.0,137974962.76999998
2024-08-01,ID_MR_MRBJVM01,ID,TWY,MRBJVM01,akhaidir,16762960.0,43804302.0
2024-08-01,ID_MR_MRJKSP01,ID,SIF,MRJKSP01,ccahaya,16729652.0,224535721.0
2024-08-01,ID_MR_MRMDCKX01,ID,TEA,MRMDCKX01,mdsufani,16724508.0,24066654.0
2024-08-01,ID_MR_MRBDNS01,ID,CIA,MRBDNS01,snurmalasari,16713984.0,225822514.0
2024-08-01,ID_MR_MRKDVM01,ID,GLX,MRKDVM01,dsadi,16639513.0,68930676.0
2024-08-01,ID_MR_MRJKD107,ID,JAM,MRJKD107,fwaruwu,16462379.0,143474634.0
2024-08-01,ID_MR_MRJKOL02,ID,XEL,MRJKOL02,rrowi,16378310.0,64705585.0
2024-08-01,ID_MR_MRJKD115,ID,JAN,MRJKD115,sburhanudin,16138281.0,95306483.0
2024-08-01,ID_MR_MRBDDP02,ID,ULT,MRBDDP02,esilitonga,16109809.0,40419809.0
2024-08-01,ID_MR_MRKDRE01,ID,SPV,MRKDRE01,djbintoro,16070782.0,123722598.0
2024-08-01,ID_MR_MRJKSP02,ID,SIF,MRJKSP02,msuhaeri,15918327.0,52196291.0
2024-08-01,ID_MR_MRSMME01,ID,JAR,MRSMME01,lkristinawati,15820841.0,149094378.0
2024-08-01,ID_MR_MRDPJA01,ID,UNA,MRDPJA01,igpajariawan,15497248.0,61375835.0
2024-08-01,ID_MR_MRMKRE02,ID,COI,MRMKRE02,rgunadiawan,15278597.0,136358993.0
2024-08-01,ID_MR_MRBDRX01,ID,XNC,MRBDRX01,dapriyani,15255386.0,29264779.0
2024-08-01,ID_MR_MRSBME05,ID,JAR,MRSBME05,mrizal,15210957.0,153313784.0
2024-08-01,ID_MR_MRBDME05,ID,JAR,MRBDME05,hnwanti,15175725.0,150870066.25
2024-08-01,ID_MR_MRJKD108,ID,TRU,MRJKD108,iindrayani,14743600.0,147325227.0
2024-08-01,ID_MR_MRJKME18,ID,JAR,MRJKME18,rsuparyono,14670040.0,93213527.0
2024-08-01,ID_MR_MRSMPCX1,ID,ATN,MRSMPCX1,,14633623.0,50599231.0
2024-08-01,ID_MR_MRJKD103,ID,JAM,MRJKD103,dheriyadi,14485877.0,293749188.0
2024-08-01,ID_MR_MRBDAB01,ID,ADA,MRBDAB01,ajuwita,14300000.0,316042208.0
2024-08-01,ID_MR_MRSBME07,ID,JAR,MRSBME07,amahendra,14219068.0,100435660.0
2024-08-01,ID_MR_MRJKD116,ID,HLG,MRJKD116,wfebriyatika,14216604.0,243950590.0
2024-08-01,ID_MR_MRPWDC01,ID,JAM,MRPWDC01,danggoro,14145088.0,260448564.0
2024-08-01,ID_MR_MRJKME13,ID,JAR,MRJKME13,earyanto,14113864.0,230855021.5
2024-08-01,ID_MR_MRSBDP01,ID,COE,MRSBDP01,nherlina,14087500.0,51714694.0
2024-08-01,ID_MR_MRJKD114,ID,HLG,MRJKD114,habiburrahman,13880432.0,135017953.0
2024-08-01,ID_MR_MRMNDC01,ID,TRU,MRMNDC01,zmachmud,13863810.0,47320936.0
2024-08-01,ID_MR_MRYOCN01,ID,TEA,MRYOCN01,nasyahrani,13811494.0,36760296.0
2024-08-01,ID_MR_MRSKRE01,ID,BER,MRSKRE01,ihidayat,13728011.0,112961026.0
2024-08-01,ID_MR_MRSMME02,ID,JAR,MRSMME02,taprisetiawan,13712618.0,143696650.0
2024-08-01,ID_MR_MRJKJA05,ID,CMB,MRJKJA05,dporbayanof,13571903.0,67544009.0
2024-08-01,ID_MR_MRTGD202,ID,HLG,MRTGD202,esriwulandari,13463040.0,85329462.0
2024-08-01,ID_MR_MRPBAB01,ID,BCT,MRPBAB01,mnijam,13446800.0,63381071.0
2024-08-01,ID_MR_MRJKME22,ID,JAR,MRJKME22,jgribaldy,13174019.0,218833452.0
2024-08-01,ID_MR_MRBPVM01,ID,TRJ,MRBPVM01,arauf,13173781.0,71823188.0
2024-08-01,ID_MR_MRJKCKX01,ID,TEA,MRJKCKX01,rikurniawan,13133296.8,39787444.480000004
2024-08-01,ID_MR_MRJKME19,ID,JAR,MRJKME19,sswasono,13055172.0,103551688.0
2024-08-01,ID_MR_MRSBME04,ID,JAR,MRSBME04,sdjoyoprawiro,12833650.0,118032935.0
2024-08-01,ID_MR_MRBDCV03,ID,GLX,MRBDCV03,rwaji,12634936.0,229227615.6
2024-08-01,ID_MR_MRPBJA01,ID,COE,MRPBJA01,abbakar,12540000.0,27378616.0
2024-08-01,ID_MR_MRJKME21,ID,JAR,MRJKME21,bhimawan,12512077.0,164728431.0
2024-08-01,ID_MR_MRMKCKX01,ID,RVL,MRMKCKX01,smuin,12348014.0,36194396.0
2024-08-01,ID_MR_MRMDRE01,ID,SPP,MRMDRE01,apakpahan,12329390.0,97785061.0
2024-08-01,ID_MR_MRYOOL01,ID,GMZ,MRYOOL01,mthoriq,12283732.0,868140580.0
2024-08-01,ID_MR_MRSMJA01,ID,ULT,MRSMJA01,smhusna,12115474.0,54539121.0
2024-08-01,ID_MR_MRSMRE02,ID,SPP,MRSMRE02,adkurniawan,11753000.0,424910122.0
2024-08-01,ID_MR_MRMDAL01,ID,BTX,MRMDAL01,raaulia,11717388.0,933082106.0
2024-08-01,ID_MR_MRMDAB01,ID,BCT,MRMDAB01,ikesuma,11623558.0,51479596.0
2024-08-01,ID_MR_MRMKRE01,ID,SPP,MRMKRE01,ffirsal,11404903.0,159445561.0
2024-08-01,ID_MR_MRMLCV01,ID,TRJ,MRMLCV01,twlestari,11401358.0,47365404.0
2024-08-01,ID_MR_MRKDDC01,ID,TRU,MRKDDC01,twahyuni,11222798.0,167009287.0
2024-08-01,ID_MR_MRDPCKX01,ID,TEA,MRDPCKX01,imkputra,11189754.0,17969704.0
2024-08-01,ID_MR_MRSBD201,ID,HLG,MRSBD201,nhatmoko,11006476.0,46789680.0
2024-08-01,ID_MR_MRDPD201,ID,HLG,MRDPD201,ihindrawan,10993716.0,93546926.0
2024-08-01,ID_MR_MRMNVM01,ID,TWY,MRMNVM01,lmkatiandagho,10919738.0,112028728.0
2024-08-01,ID_MR_MRBDD102,ID,JAM,MRBDD102,drosyadi;tharyuwindo,10850598.0,143320152.0
2024-08-01,ID_MR_MRJKCV01,ID,TWY,MRJKCV01,bdkurniawan,10772774.0,79975489.0
2024-08-01,ID_MR_MRJKME17,ID,JAR,MRJKME17,psari,10759801.0,205390080.0
2024-08-01,ID_MR_MRJKCV13,ID,GLX,MRJKCV13,mifauzi,10735327.0,51921610.0
2024-08-01,ID_MR_MRPKVM02,ID,TWY,MRPKVM02,mazizah,10725113.0,171568506.0
2024-08-01,ID_MR_MRBGDP01,ID,ULT,MRBGDP01,abudiarti,10659470.0,62907359.0
2024-08-01,ID_MR_MRSBCK02,ID,TEA,MRSBCK02,aandriani,10520172.0,41055401.0
2024-08-01,ID_MR_MRBLVM01,ID,TRJ,MRBLVM01,wfilly,10430747.0,72639806.0
2024-08-01,ID_MR_MRJKPCX1,ID,ATN,MRJKPCX1,,10406434.5,189545117.0
2024-08-01,ID_MR_MRJKPCX2,ID,ATN,MRJKPCX2,,10406434.5,189545117.0
2024-08-01,ID_MR_MRSBNS02,ID,CIA,MRSBNS02,aprasetyo,10399736.0,99538589.0
2024-08-01,ID_MR_MRBDCN03,ID,TEA,MRBDCN03,anpermana,10396050.0,18641594.0
2024-08-01,ID_MR_MRBKDC02,ID,TRU,MRBKDC02,gmsari,10342141.0,112508526.0
2024-08-01,ID_MR_MRYOSP01,ID,PRA,MRYOSP01,hyuswoko,10251134.0,14632170.0
2024-08-01,ID_MR_MRMDME01,ID,JAR,MRMDME01,wsucinta,10100521.0,214970970.0
2024-08-01,ID_MR_MRMLAB01,ID,ADA,MRMLAB01,iwahyoedi,10085100.0,54892720.0
2024-08-01,ID_MR_MRCRVM01,ID,TRJ,MRCRVM01,afebriyani,10083459.0,38785000.0
2024-08-01,ID_MR_MRJKNK05,ID,TEA,MRJKNK05,nhutapea,10064927.18,93151908.97999999
2024-08-01,ID_MR_MRMLRE02,ID,BER,MRMLRE02,ssunarti,10060436.0,509009922.0
2024-08-01,ID_MR_MRJKCV16,ID,GLX,MRJKCV16,mmpuspita,9951718.0,32425318.0
2024-08-01,ID_MR_MRSBNK01,ID,TEA,MRSBNK01,schristianto,9802356.0,47958640.0
2024-08-01,ID_MR_MRSMDC02,ID,JAM,MRSMDC02,warianto,9567230.0,4008980.0
2024-08-01,ID_MR_MRCRRE02,ID,BER,MRCRRE02,bprasojo,9563000.0,92677627.0
2024-08-01,ID_MR_MRMDME02,ID,JAR,MRMDME02,inurwan,9489979.0,165432942.0
2024-08-01,ID_MR_MRDPVM01,ID,TRJ,MRDPVM01,kjwidana,9489459.0,30343965.0
2024-08-01,ID_MR_MRYOJA01,ID,UNA,MRYOJA01,dagustinawati,9413521.0,85266119.0
2024-08-01,ID_MR_MRJKDP01,ID,UNA,MRJKDP01,jsinaga,9350000.0,35219324.0
2024-08-01,ID_MR_MRJKDP04,ID,COE,MRJKDP04,ascahyo,9177277.0,79293682.0
2024-08-01,ID_MR_MRBKDC01,ID,TRU,MRBKDC01,wwarastri,9164191.0,101237031.0
2024-08-01,ID_MR_MRMKVM02,ID,MRD,MRMKVM02,hjlatuihamallo,9090263.0,16235086.0
2024-08-01,ID_MR_MRSBCV03,ID,MRD,MRSBCV03,musyafii,9048287.0,134881444.0
2024-08-01,ID_MR_MRMNRE01,ID,SPP,MRMNRE01,ispinatik,9012047.0,110031161.0
2024-08-01,ID_MR_MRSBD101,ID,JAM,MRSBD101,anarifiyanto,8951710.0,65961435.0
2024-08-01,ID_MR_MRYOVM02,ID,GLX,MRYOVM02,sbprasetya,8675856.0,45216521.0
2024-08-01,ID_MR_MRJKCK04,ID,TEA,MRJKCK04,nwirdah,8604930.4,28592470.72
2024-08-01,ID_MR_MRSMDC03,ID,JAM,MRSMDC03,ayulianto,8409176.0,34133223.0
2024-08-01,ID_MR_MRJKME14,ID,JAR,MRJKME14,toyulianto,8322405.0,176101233.5
2024-08-01,ID_MR_MRBKAB01,ID,ADA,MRBKAB01,pbrotoraharjo,8196961.0,22139461.0
2024-08-01,ID_MR_MRBTVM01,ID,GLX,MRBTVM01,ipibriani,8146229.0,29267368.0
2024-08-01,ID_MR_MRJKCV18,ID,GLX,MRJKCV18,nadharma,8125636.0,91951712.0
2024-08-01,ID_MR_MRDPD101,ID,TRU,MRDPD101,nkertiasih,8091000.0,197777733.0
2024-08-01,ID_MR_MRJKNK03,ID,TEA,MRJKNK03,rasaputra,8016716.8,34920890.48
2024-08-01,ID_MR_MRJKD1Z1,ID,JAM,MRJKD1Z1,,7798338.0,151265126.0
2024-08-01,ID_MR_MRJKCV17,ID,MRD,MRJKCV17,otaufik,7782754.0,80906973.0
2024-08-01,ID_MR_MRMLME01,ID,JAR,MRMLME01,mdrismayanto,7684489.0,95969858.0
2024-08-01,ID_MR_MRJKRE10,ID,SPP,MRJKRE10,ttoso,7619590.0,61788949.0
2024-08-01,ID_MR_MRDPNS02,ID,CIA,MRDPNS02,bamsantoso,7503560.0,116899415.0
2024-08-01,ID_MR_MRJKAL07,ID,JVM,MRJKAL07,nowibawa,7491819.0,567559748.0
2024-08-01,ID_MR_MRJKME34,ID,JAR,MRJKME34,dilestari,7417770.0,59202807.0
2024-08-01,ID_MR_MRSBRX01,ID,DRM,MRSBRX01,lkwardani,7224306.0,32600706.0
2024-08-01,ID_MR_MRMKDP01,ID,SYN,MRMKDP01,heiskandar,7221603.0,69774057.0
2024-08-01,ID_MR_MRJKCV19,ID,GLX,MRJKCV19,,7144823.0,68874044.0
2024-08-01,ID_MR_MRSKBME36,ID,JAR,MRSKBME36,,7005327.0,24805619.0
2024-08-01,ID_MR_MRSMOB01,ID,TGR,MRSMOB01,aprabowo,6956703.0,7556703.0
2024-08-01,ID_MR_MRSDCKX01,ID,TEA,MRSDCKX01,afitriansyah,6919146.0,10000566.0
2024-08-01,ID_MR_MRBJDC01,ID,JAN,MRBJDC01,lloreniawaty,6816240.0,72398740.0
2024-08-01,ID_MR_MRSMCV02,ID,TWY,MRSMCV02,aedwidyaningrum,6748012.0,19981374.0
2024-08-01,ID_MR_MRJKDC01,ID,JAM,MRJKDC01,ypuji,6615917.0,74301644.0
2024-08-01,ID_MR_MRJKOB01,ID,TGR,MRJKOB01,ejulianto,6600000.0,285179590.0
2024-08-01,ID_MR_MRTGD204,ID,HLG,MRTGD204,srifai,6592150.0,65829064.0
2024-08-01,ID_MR_MRBDCN01,ID,TEA,MRBDCN01,rfirmansyah,6537856.0,42146626.0
2024-08-01,ID_MR_MRSBME06,ID,JAR,MRSBME06,yfebriwadi,6435032.0,141188081.0
2024-08-01,ID_MR_MRTGDP01,ID,ULT,MRTGDP01,roharahap,6406453.0,65313984.0
2024-08-01,ID_MR_MRPBDC01,ID,JAN,MRPBDC01,wbareta,6256137.0,26841244.0
2024-08-01,ID_MR_MRPKDC02,ID,JAM,MRPKDC02,lsinaga,6131102.0,84210568.0
2024-08-01,ID_MR_MRPTCKX01,ID,ARV,MRPTCKX01,sdsfani,6120783.0,35927964.56
2024-08-01,ID_MR_MRJKJA04,ID,PHY,MRJKJA04,tarusman,5803911.0,27044443.0
2024-08-01,ID_MR_MRJKCV03,ID,TWY,MRJKCV03,pamulia,5772047.0,15486930.0
2024-08-01,ID_MR_MRJKNK02,ID,LSA,MRJKNK02,anazara,5764345.2,18652221.2
2024-08-01,ID_MR_MRJKDP07,ID,PHY,MRJKDP07,rmaulana,5672379.0,49283369.0
2024-08-01,ID_MR_MRJKCV07,ID,GLX,MRJKCV07,hnprasetyo,5647346.0,86494760.0
2024-08-01,ID_MR_MRMKVM01,ID,MRD,MRMKVM01,fjunaidi,5644005.0,98185516.0
2024-08-01,ID_MR_MRJKME01,ID,JAR,MRJKME01,cseketanto,5564666.0,205720494.0
2024-08-01,ID_MR_MRJKAL08,ID,JVM,MRJKAL08,satmaja,5500000.0,513908255.0
2024-08-01,ID_MR_MRPDDC01,ID,TRU,MRPDDC01,wfachriandi,5404918.0,43737849.0
2024-08-01,ID_MR_MRJKCK08,ID,TEA,MRJKCK08,abachtiar,5401205.52,53687299.96000001
2024-08-01,ID_MR_MRBKCN01,ID,TEA,MRBKCN01,RPadminingsih,5346009.0,26323613.6
2024-08-01,ID_MR_MRSBD202,ID,HLG,MRSBD202,opriambodo,5302995.0,105525719.0
2024-08-01,ID_MR_MRJKRE06,ID,BER,MRJKRE06,mratnaningtyas,5298127.0,397934747.0
2024-08-01,ID_MR_MRJKME12,ID,JAR,MRJKME12,fswulan,5279881.0,138930074.0
2024-08-01,ID_MR_MRCRDC01,ID,TRU,MRCRDC01,zsuwardi,5229227.0,176555134.0
2024-08-01,ID_MR_MRJKME28,ID,JAR,MRJKME28,,5171149.0,27926149.0
2024-08-01,ID_MR_MRJKCY01,ID,CGS,MRJKCY01,dwidjanarko,5170000.0,125717997.0
2024-08-01,ID_MR_MRMKVM03,ID,TWY,MRMKVM03,ssuhuriah,5103445.0,78958339.0
2024-08-01,ID_MR_MRJKME35,ID,JAR,MRJKME35,,5099856.0,18934659.0
2024-08-01,TH_EC4,TH,CYMBAL,EC4,ketsirees,5070500.0,5440996.0
2024-08-01,ID_MR_MRSOCKX01,ID,TEA,MRSOCKX01,awijaya,5029687.0,30203275.0
2024-08-01,ID_MR_MRJKNK01,ID,TEA,MRJKNK01,iyusafin,4934891.0,63421597.00000001
2024-08-01,ID_MR_MRTMVM01,ID,MRD,MRTMVM01,rmazhar,4879784.0,13031623.0
2024-08-01,ID_MR_MRYOVM01,ID,GLX,MRYOVM01,nfuad,4862366.0,17805572.0
2024-08-01,ID_MR_MRJKCK03,ID,TEA,MRJKCK03,ivbelly,4857622.0,161743921.7
2024-08-01,ID_MR_MRPSRE01,ID,SPP,MRPSRE01,szendrato,4846746.0,32316023.0
2024-08-01,ID_MR_MRSBCY01,ID,CGS,MRSBCY01,dsugiastuti,4791600.0,26593600.0
2024-08-01,ID_MR_MRMDCKX02,ID,TEA,MRMDCKX02,SFitri,4790178.0,9098811.0
2024-08-01,ID_MR_MRSBCM1XX,ID,DRM,MRSBCM1XX,,4789513.0,6056758.0
2024-08-01,ID_MR_MRJKME32,ID,JAR,MRJKME32,hasulaeni,4593871.0,56018814.0
2024-08-01,ID_MR_MRTLDC01,ID,TRU,MRTLDC01,rsukowati,4592555.0,109417491.0
2024-08-01,ID_MR_MRMDRE02,ID,BER,MRMDRE02,henasution,4591632.0,82125632.0
2024-08-01,ID_MR_MRJKCV23,ID,MRD,MRJKCV23,raditia,4466910.0,25671724.0
2024-08-01,ID_MR_MRJKDP02,ID,ULT,MRJKDP02,ahjayadi,4408428.0,54924112.0
2024-08-01,ID_MR_MRPBCKX01,ID,TEA,MRPBCKX01,rfabiola,4370372.0,5725676.0
2024-08-01,ID_MR_MRTGCKX03,ID,PFN,MRTGCKX03,rsamsudin,4226983.2,24909430.319999997
2024-08-01,ID_MR_MRBGDC01,ID,TRU,MRBGDC01,naini;vmagnesti,4187081.0,84907944.0
2024-08-01,ID_MR_MRPWRE01,ID,BER,MRPWRE01,agkurniawan,4174413.0,93716387.0
2024-08-01,ID_MR_MRJKME05,ID,JAR,MRJKME05,nnuryanto,4164750.0,253751488.0
2024-08-01,ID_MR_MRDPVM02,ID,MRD,MRDPVM02,iggjayandika,4157070.0,30312428.0
2024-08-01,ID_MR_MRCLME01,ID,JAR,MRCLME01,rphartanti,4091853.0,30713804.0
2024-08-01,ID_MR_MRJKCN01,ID,TEA,MRJKCN01,narizal,4025754.0,40897617.6
2024-08-01,ID_MR_MRMAD201,ID,JAN,MRMAD201,tindriyastuti,4009010.0,254545502.0
2024-08-01,ID_MR_MRJKME04,ID,JAR,MRJKME04,mfaishal,3989760.0,106541483.0
2024-08-01,ID_MR_MRSBCV02,ID,TWY,MRSBCV02,emulyanto,3922533.0,24953976.0
2024-08-01,ID_MR_MRYORE02,ID,SPP,MRYORE02,nsawitri,3869390.0,881578370.0
2024-08-01,ID_MR_MRJKAL06,ID,JVM,MRJKAL06,,3747273.0,367496418.0
2024-08-01,ID_MR_MRSMCW1XX,ID,XNC,MRSMCW1XX,,3625200.0,7250400.0
2024-08-01,ID_MR_MRJKME10,ID,JAR,MRJKME10,atshartutik,3560439.0,415714071.0
2024-08-01,ID_MR_MRBAVM01,ID,GLX,MRBAVM01,dmulyana,3517696.0,75718152.0
2024-08-01,ID_MR_MRJKAB03,ID,SVF,MRJKAB03,msyarip,3232432.0,38659727.0
2024-08-01,ID_MR_MRJKRE09,ID,BER,MRJKRE09,szulkarnaen,3209199.0,22170216.0
2024-08-01,ID_MR_MRPKCKX02,ID,TEA,MRPKCKX02,aafrizal,3193452.0,21409465.0
2024-08-01,ID_MR_MRJKDP03,ID,CGS,MRJKDP03,rherdwyantoro,3188790.0,17576790.0
2024-08-01,ID_MR_MRJKCK07,ID,TEA,MRJKCK07,daji,3094564.85,6784839.35
2024-08-01,ID_MR_MRTGD201,ID,JAN,MRTGD201,nkmanurung,3081163.0,74113859.0
2024-08-01,ID_MR_MRJKAL02,ID,JVM,MRJKAL02,ansanjaya,3045455.0,131037630.0
2024-08-01,ID_MR_MRJKCV21,ID,MRD,MRJKCV21,hjabbar,2960909.0,78143212.0
2024-08-01,ID_MR_MRSBCK01,ID,TEA,MRSBCK01,drufaida,2917198.0,5654646.0
2024-08-01,ID_MR_MRSBDP02,ID,ULT,MRSBDP02,arsharyono,2871870.0,30527223.0
2024-08-01,ID_MR_MRSOVM01,ID,GLX,MRSOVM01,sisworowati,2871064.0,24789655.0
2024-08-01,ID_MR_MRJKCV02,ID,MRD,MRJKCV02,esuseli,2813041.0,36583194.0
2024-08-01,ID_MR_MRJKJA02,ID,UNA,MRJKJA02,rpertiwi,2807214.0,15027617.0
2024-08-01,ID_MR_MRBDCM1XX,ID,LSA,MRBDCM1XX,,2759877.0,25417377.0
2024-08-01,ID_MR_MRSMCN01,ID,TEA,MRSMCN01,sarezwari,2683836.0,30546980.0
2024-08-01,ID_MR_MRJKRE01,ID,SPP,MRJKRE01,rwahab,2590726.0,157761626.0
2024-08-01,ID_MR_MRPBDP01,ID,ULT,MRPBDP01,ihendro,2507644.0,34351212.0
2024-08-01,ID_MR_MRSMCV01,ID,MRD,MRSMCV01,admanthili,2453501.0,25027697.0
2024-08-01,PH_ABVNATL05,PH,MERONE,ABVNATL05,ancano,2418113.3799999994,6534098.050000001
2024-08-01,ID_MR_MRJKCK01,ID,TEA,MRJKCK01,delestari,2383197.6500000004,20747598.250000007
2024-08-01,ID_MR_MRTGCKX02,ID,TEA,MRTGCKX02,tudin,2364373.65,17421964.25
2024-08-01,ID_MR_MRSBJA02,ID,SYN,MRSBJA02,rramadhon,2308848.0,19108796.0
2024-08-01,ID_MR_MRJBDC01,ID,TRU,MRJBDC01,ekwahyudi,2252842.0,107087312.0
2024-08-01,ID_MR_MRBGCKX01,ID,TEA,MRBGCKX01,ykputra,2197681.0,22047311.68
2024-08-01,ID_MR_MRMKD201,ID,TRU,MRMKD201,idkarim,2180997.0,38625237.0
2024-08-01,ID_MR_MRJKVMX5,ID,GLX,MRJKVMX5,,2161081.2,183283692.79999995
2024-08-01,ID_MR_MRJKVMX2,ID,GLX,MRJKVMX2,,2161081.1999999997,186569273.6
2024-08-01,ID_MR_MRSBNK03,ID,XNC,MRSBNK03,adniriani,2128968.0,19889406.0
2024-08-01,ID_MR_MRJKCV08,ID,TWY,MRJKCV08,jdnovika,2103001.0,138287326.0
2024-08-01,TH_061,TH,HERZUM,061,VeeraphattraN,1971000.0,1989000.0
2024-08-01,ID_MR_MRPBVM01,ID,GLX,MRPBVM01,aaprillia,1848092.0,33402671.0
2024-08-01,TW_BFBUM,TW,SEVIKA,BFBUM,npai,1800018.0,12450507.0
2024-08-01,ID_MR_MRPTDC01,ID,JAN,MRPTDC01,sfatimah,1798000.0,109849405.0
2024-08-01,PH_CSLNATL04,PH,ALBURX,CSLNATL04,kreal;nsilva,1787640.87,8291321.840000003
2024-08-01,ID_MR_MRPKDP01,ID,UNA,MRPKDP01,nbeny,1768455.0,6484433.0
2024-08-01,ID_MR_MRPDVM01,ID,GLX,MRPDVM01,wwandini,1767881.0,32367441.0
2024-08-01,ID_MR_MRJKME31,ID,JAR,MRJKME31,twsaputro,1554005.0,137456358.0
2024-08-01,ID_MR_MRBJCKX01,ID,TEA,MRBJCKX01,mhilmansyah,1553102.0,71000198.0
2024-08-01,ID_MR_MRJKCV04,ID,TRJ,MRJKCV04,almaruta,1551986.0,25978893.0
2024-08-01,ID_MR_MRBDJA01,ID,UNA,MRBDJA01,kkurniawan,1545241.0,88024729.0
2024-08-01,ID_MR_MRSMDP01,ID,UNA,MRSMDP01,nnahariyah,1529953.0,18537680.0
2024-08-01,ID_MR_MRBDCN02,ID,TEA,MRBDCN02,amulyadi,1492312.0,30245527.0
2024-08-01,ID_MR_MRMLDP01,ID,COE,MRMLDP01,esetiyowati,1433077.0,11700003.0
2024-08-01,ID_MR_MRJKVMX3,ID,GLX,MRJKVMX3,,1402747.8,182525359.4
2024-08-01,ID_MR_MRSMCN02,ID,TEA,MRSMCN02,adsusilo,1341918.0,12667018.0
2024-08-01,TH_644,TH,ARCOXI,644,ThitiwatT,1271017.63,1924677.63
2024-08-01,ID_MR_MRJKCK06,ID,TRT,MRJKCK06,hdgunawan,1257021.9200000002,19318942.720000003
2024-08-01,TH_VAB,TH,MIACAL,VAB,MinnichaR;WimonpornA,1138842.0,2311194.0
2024-08-01,TH_945,TH,PONSTA,945,JeeranunK,1130554.5,1955254.5
2024-08-01,ID_MR_MRMDD202,ID,JAN,MRMDD202,ahutabarat,1126924.0,14255310.0
2024-08-01,ID_MR_MRJKME07,ID,JAR,MRJKME07,arputra,997063.0,317856754.0
2024-08-01,ID_MR_MRJKDP05,ID,COE,MRJKDP05,fwijaya,968578.0,16211355.0
2024-08-01,ID_MR_MRTGAB01,ID,BCT,MRTGAB01,loktaviana,967510.0,177938590.0
2024-08-01,ID_MR_MRJKRX02,ID,ARV,MRJKRX02,irahayu,964211.68,55400214.88
2024-08-01,ID_MR_MRJKGW2XX,ID,DRM,MRJKGW2XX,,941215.68,29000263.68
2024-08-01,TW_BJS7,TW,XARELT,BJS7,salhsiao,940076.0,2435944.0
2024-08-01,TH_EF5,TH,CIALIS,EF5,BenjawanY,931900.0,2861900.0
2024-08-01,ID_MR_MRMLCKX02,ID,TEA,MRMLCKX02,swramadhan,919138.0,70174138.0
2024-08-01,ID_MR_MRJKCM2XX,ID,DRM,MRJKCM2XX,,915070.8,6796711.6
2024-08-01,TH_051,TH,ENSURE,051,LawanK,899224.8300000001,1032044.7000000001
2024-08-01,PH_ABVNATL03,PH,HUMIRA,ABVNATL03,ccatubig,875504.13,2289288.57
2024-08-01,TH_949,TH,PONSTA,949,chompoonekt,871250.0,937250.0
2024-08-01,TW_BFN6,TW,LIXIAN,BFN6,miliu,868135.0,1322300.0
2024-08-01,PH_ABVNATL07,PH,MERONE,ABVNATL07,RFelicilda;rmfaustino,831555.92,885035.2400000001
2024-08-01,ID_MR_MRSBCRX1,ID,TRJ,MRSBCRX1,,818903.0,511896640.5
2024-08-01,ID_MR_MRJKME33,ID,JAR,MRJKME33,tzulfikar,799513.0,89643404.0
2024-08-01,ID_MR_MRMLCKX01,ID,TEA,MRMLCKX01,hwwwardhana,798363.0,5511123.0
2024-08-01,TH_651,TH,ARCOXI,651,ChompunutH,758653.48,959773.48
2024-08-01,PH_APNATL04,PH,PROLIA,APNATL04,Amartin;mirivera,727780.34,2212358.5819999995
2024-08-01,TH_EC5,TH,URGOCE,EC5,SetthawatA,725500.0,3261600.0
2024-08-01,ID_MR_MRSBRX02,ID,DRM,MRSBRX02,ntrisiana,725040.0,32887717.0
2024-08-01,TH_EA8,TH,YULARE,EA8,thanakarns,722380.0,1546880.0
2024-08-01,TH_668,TH,NACLON,668,PornchalidaD,705707.2,2791282.5600000015
2024-08-01,TH_831,TH,KAMILL,831,THMENAR-HThanomsri;THMENAR-PNattapong,696950.0,906433.45
2024-08-01,TH_PO6,TH,SURVAN,PO6,NattanichaK;konpromb,691200.0,2101850.0
2024-08-01,TW_BFSC,TW,SEVIKA,BFSC,liyeh,681904.0,1934530.0
2024-08-01,PH_ABNATL01,PH,PROLIA,ABNATL01,MNLumanog;hcaparas,675965.36,1173216.0620000004
2024-08-01,ID_MR_MRJKME29,ID,JAR,MRJKME29,wjanuarjo,664960.0,72546536.0
2024-08-01,TH_295,TH,BLENDE,295,SukanyaR,648600.0,758140.0
2024-08-01,TW_BFSB,TW,SEVIKA,BFSB,dolin,647132.0,1685056.0
2024-08-01,TW_BIBE,TW,FORTEO,BIBE,etai,643885.0,3926123.0
2024-08-01,TH_392,TH,BLENDE,392,sitab,634800.0,635840.0
2024-08-01,TH_EHJ,TH,HUMALO,EHJ,chutimac,621450.0,647713.0
2024-08-01,ID_MR_MRSBCK03,ID,TEA,MRSBCK03,RListiatuti,610385.0,15503461.0
2024-08-01,PH_CSLNATL05,PH,ALBURX,CSLNATL05,cfgorriceta,597853.8,6199907.420000002
2024-08-01,TH_674,TH,KAMILL,674,TiwasC,590746.0000000001,664979.1200000001
2024-08-01,TW_BIEF,TW,FORTEO,BIEF,cachangchien,589325.0,2949969.0
2024-08-01,TW_BFS2,TW,SEVIKA,BFS2,jalai,587287.0,1783949.0
2024-08-01,TH_670,TH,KAMILL,670,ManochL,580048.56,747288.38
2024-08-01,TH_VAD,TH,PERSKI,VAD,PhatsaratC,572518.0,2178026.0
2024-08-01,TW_BIAF,TW,FORTEO,BIAF,rwei,543488.0,1460715.0
2024-08-01,TW_BIDP,TW,FORTEO,BIDP,jensshih,538481.0,1459045.0
2024-08-01,TW_BFS6,TW,SEVIKA,BFS6,dalai,533933.0,642983.0
2024-08-01,PH_ABVNATL04,PH,HUMIRA,ABVNATL04,rdperalta,529246.52,886684.51
2024-08-01,TH_663,TH,NACLON,663,jomjaik,524620.8,563512.8
2024-08-01,TW_BAK2,TW,LAMISI,BAK2,belin,519449.0,1045153.0
2024-08-01,PH_CSLNATL02,PH,BERIRA,CSLNATL02,rovelasco,501533.6,2932624.3499999996
2024-08-01,TH_EF9,TH,CIALIS,EF9,nattakitr,500000.0,549144.0
2024-08-01,TH_959,TH,SELSUN,959,sudaporni,494744.0,712808.0
2024-08-01,ID_MR_MRPWDC02,ID,TRU,MRPWDC02,aisetianto,488924.0,733386.0
2024-08-01,TH_940,TH,ASTAXA,940,kanungnitk,487502.7,882291.2999999999
2024-08-01,PH_CSLNATL03,PH,BERIRA,CSLNATL03,atoledo,485492.22,4157130.01
2024-08-01,ID_MR_MRJKCY02,ID,CGS,MRJKCY02,rrori,484000.0,427306000.0
2024-08-01,TH_EB0,TH,FORTEO,EB0,,468600.0,468600.0
2024-08-01,PH_ONCONATL02,PH,YULARE,ONCONATL02,Atiu;JQuevada,460251.3,1874961.58
2024-08-01,TW_BFN3,TW,LIXIAN,BFN3,kenlintw,460156.0,1428871.0
2024-08-01,TH_VAP,TH,MIACAL,VAP,chidhathais,456800.0,2100463.0
2024-08-01,TH_954,TH,JARDIA,954,PhunyanatT,454000.0,476266.36
2024-08-01,ID_MR_MRJKCK05,ID,TEA,MRJKCK05,fsetiawan,442118.65,15615310.25
2024-08-01,PH_ABVNATL01,PH,MERONE,ABVNATL01,iperalta,436096.96,3574758.7300000004
2024-08-01,PH_PROTLC,PH,PROTLC,PROTLC,,434803.4400000001,16448218.22000055
2024-08-01,TH_EHF,TH,JANUVI,EHF,baraneeu,427500.0,444270.0
2024-08-01,TH_EE8,TH,TRULIC,EE8,chawanluckp,424800.0,862092.0
2024-08-01,TH_EE1,TH,JANUVI,EE1,sukanyav,416625.0,446865.0
2024-08-01,ID_MR_MRMDD201,ID,HLG,MRMDD201,eapriani,409791.0,18563369.0
2024-08-01,TH_650,TH,ARCOXI,650,WittayaC,408327.50000000006,883796.56
2024-08-01,TH_672,TH,KAMILL,672,RapatpornT,406601.0399999999,542322.8499999999
2024-08-01,TH_EF3,TH,CIALIS,EF3,PunraphaK,400000.0,3300000.0
2024-08-01,TH_EF4,TH,CIALIS,EF4,duangkamolw,400000.0,1806496.0
2024-08-01,TH_955,TH,SELSUN,955,SivavanC;panatchakorns,393177.0,453177.0
2024-08-01,TW_BIBF,TW,FORTEO,BIBF,polin,381406.0,2572341.0
2024-08-01,TH_VAO,TH,KANARB,VAO,SiripornS;WimonpornA,376114.0,1721029.4
2024-08-01,TW_BFR4,TW,LIXIAN,BFR4,alchan,374834.0,1502120.0
2024-08-01,TW_BFR2,TW,SEVIKA,BFR2,b72,374187.0,1580173.0
2024-08-01,ID_MR_MRSMME03,ID,JAR,MRSMME03,miasetyo,363957.0,34045287.0
2024-08-01,TH_VAC,TH,KANARB,VAC,SuphitchayaR,363542.0,1651742.0
2024-08-01,ID_MR_MRSBCKX01,ID,TEA,MRSBCKX01,sasiyah,362520.0,11095943.0
2024-08-01,TW_XXBU4,TW,OLMETE,XXBU4,,356714.0,3434662.0
2024-08-01,TH_665,TH,NACLON,665,NichamonS,356516.16,712690.1599999999
2024-08-01,PH_ABVNATL02,PH,HUMIRA,ABVNATL02,canzures;eibarra,354087.93,4819774.0
2024-08-01,TW_BU10_N4,TW,PFSNSS,BU10_N4,sfan,349238.0,768649.0
2024-08-01,TW_BIBG,TW,FORTEO,BIBG,clailin,342543.0,2600716.0
2024-08-01,TH_EO3,TH,PROZAC,EO3,WaewR,341250.0,466242.0
2024-08-01,TW_BU10_N3,TW,P-NEOP,BU10_N3,zhuo,335707.0,1515267.0
2024-08-01,ID_MR_MRJKDP06,ID,UNA,MRJKDP06,iganati,335054.0,5641417.0
2024-08-01,TH_PO5,TH,PRIVIG,PO5,NattanichaK;jantras,331100.0,1892682.0
2024-08-01,TH_641,TH,GALVUS,641,JirapornKo,330640.0,1354560.0
2024-08-01,TW_BHN7,TW,TRULIC,BHN7,daviwu,326122.0,1630060.0
2024-08-01,TW_BFS7,TW,SEVIKA,BFS7,arwang,325413.0,2982098.0
2024-08-01,TW_BFN7,TW,LIXIAN,BFN7,joyhsu,324309.0,1234692.0
2024-08-01,TH_903,TH,ZYRTEC,903,piyanucht,322422.8,755150.0
2024-08-01,TH_297,TH,BLENDE,297,ChuleekornC,317400.0,1588380.0
2024-08-01,PH_DIABVM07,PH,KALIUM,DIABVM07,hrosal,313613.3,1139702.74
2024-08-01,PH_AONATL06,PH,PROLIA,AONATL06,JPBautista;hcaparas,309003.06,1467941.4140000006
2024-08-01,TW_BU11_S1,TW,KANEKA,BU11_S1,neyang,305619.0,582158.0
2024-08-01,TW_BFS5,TW,SEVIKA,BFS5,jahuang,302772.0,1251710.0
2024-08-01,TW_BJS8,TW,XARELT,BJS8,honklin,302348.0,2055558.0
2024-08-01,TH_931,TH,VENTOL,931,jutamaneew,301446.66000000003,533194.66
2024-08-01,TW_BJS5,TW,XARELT,BJS5,chlai,301345.0,1227251.0
2024-08-01,TH_PO2,TH,AFSTYL,PO2,NattanichaK,297800.0,957800.0
2024-08-01,TW_BFC7,TW,SEVIKA,BFC7,,295185.0,821655.0
2024-08-01,TW_BFS8,TW,LIXIAN,BFS8,gsung,289473.0,1120096.0
2024-08-01,TW_BFC3,TW,SEVIKA,BFC3,jokao,284924.0,1047653.0
2024-08-01,MY_MR_E4PS,MY,MERONE,E4PS,,277472.0,726800.0
2024-08-01,TW_BU10_C1,TW,UMB,BU10_C1,owlee,277162.0,694300.0
2024-08-01,PH_CVM1MIN01,PH,HUMALO,CVM1MIN01,,272686.52,783239.6299999999
2024-08-01,PH_CSLNATL01,PH,HUMANA,CSLNATL01,ogreyes,272098.83,2458517.5399999996
2024-08-01,TH_661,TH,NACLON,661,NatthakritaK,266956.80000000005,808492.1200000001
2024-08-01,TH_834,TH,GALVUS,834,THMENAR-KKawin,265040.0,520232.0
2024-08-01,TH_942,TH,FRESUB,942,thanyamasl,260500.0,421060.0
2024-08-01,TH_851,TH,POLIDE,851,NoppawanN;saksits,259138.32,633811.3300000001
2024-08-01,TH_390,TH,BLENDE,390,manasananp;thda-test34,255300.0,534120.0
2024-08-01,TW_BIBC,TW,JANUVI,BIBC,skuo,253783.0,832449.0
2024-08-01,TW_BICB,TW,JANUVI,BICB,elwang,248832.0,600864.0
2024-08-01,TH_EA1,TH,GEMZAR,EA1,bowonratp,247500.0,491500.0
2024-08-01,TH_EHG,TH,JANUXR,EHG,supraneed,243600.0,603600.0
2024-08-01,TW_BFC5,TW,SEVIKA,BFC5,axelchou,242265.0,1082948.0
2024-08-01,PH_ONCONATL03,PH,CYRAMZ,ONCONATL03,ALFontalba;PTuason;mjrvitocruz,239263.29,439491.15
2024-08-01,TW_BFN1,TW,OLMETE,BFN1,auchen,232836.0,1094110.0
2024-08-01,TH_956,TH,SELSUN,956,SuwatchareeK,229077.5,519983.5
2024-08-01,TW_BIEL,TW,JANUME,BIEL,khsueh,228807.0,466157.0
2024-08-01,TH_883,TH,POLIDE,883,PlutsukolS,227132.8200000001,267116.8800000001
2024-08-01,TW_BFC8,TW,LIXIAN,BFC8,glwu,226971.0,373398.0
2024-08-01,TH_631,TH,DERMAT,631,,225607.1400000001,2022714.0000000012
2024-08-01,PH_CHCNL02,PH,PROCAP,CHCNL02,dtajon,223654.64,274482.14
2024-08-01,TH_996,TH,SELSUN,996,SantiphatP,223004.37,257108.37
2024-08-01,TW_BFC6,TW,LIXIAN,BFC6,jenwu,222486.0,1013543.0
2024-08-01,TH_856,TH,CENTRU,856,MontiraV,222053.06,332605.76
2024-08-01,PH_GASNATL08,PH,FAKTU,GASNATL08,JCera,219469.51,481835.8599999999
2024-08-01,TH_926,TH,AUGMEN,926,WoraphongS,218410.0,407550.0
2024-08-01,TH_830,TH,GALVUS,830,,216000.0,402461.2
2024-08-01,TW_BBN4,TW,LAMISI,BBN4,lolin,214485.0,862093.0
2024-08-01,TH_977,TH,ZITHRO,977,pattarinyac,212680.0,237680.0
2024-08-01,PH_CHCNL08,PH,PROCAP,CHCNL08,jgamboa,211565.2,251242.35
2024-08-01,TW_BJC4,TW,XARELT,BJC4,jochang,209820.0,286133.0
2024-08-01,TH_VAA,TH,KANARB,VAA,jirayup,208078.0,1580682.0
2024-08-01,TW_BJN8,TW,XARELT,BJN8,silin,203252.0,386986.0
2024-08-01,TH_VAF,TH,MIACAL,VAF,ChonthichaS,202950.0,1190364.0
2024-08-01,TW_BFSA,TW,SEVIKA,BFSA,benchen,199737.0,234930.0
2024-08-01,TW_BFN4,TW,OLMETE,BFN4,easwu,198493.0,667179.0
2024-08-01,TW_BU10_S3,TW,UMB,BU10_S3,terrhuang,198103.0,222864.0
2024-08-01,PH_PHARMAHEX05,PH,ORAHEX,PHARMAHEX05,Salpis,192930.967,1790812.8789999979
2024-08-01,TH_394,TH,ONCERE,394,chutharmadp,192840.0,961505.0
2024-08-01,TH_ED2,TH,TALTZ,ED2,atcharal,190000.0,721210.0
2024-08-01,TH_EA5,TH,GEMZAR,EA5,natthikarnp,189000.0,703000.0
2024-08-01,TW_BU10_N1,TW,NUTRIT,BU10_N1,alicchen,188342.0,600055.0
2024-08-01,TH_291,TH,BLENDE,291,BodinS,186990.0,670215.0
2024-08-01,TH_882,TH,POLIDE,882,NipatV,185192.74000000005,191938.93000000005
2024-08-01,TH_EHB,TH,JANUVI,EHB,sureepornn,183871.611,188504.481
2024-08-01,TH_EE4,TH,JANUVI,EE4,parishats,183871.611,290896.61100000003
2024-08-01,TH_ED6,TH,OLUMIA,ED6,nuttrak,183400.0,2987800.0
2024-08-01,TW_BFR6,TW,OLMETE,BFR6,mchiu,182388.0,420963.0
2024-08-01,TH_PO4,TH,AFSTYL,PO4,NattanichaK;PinitS,179580.0,1451132.0
2024-08-01,TW_BFR7,TW,OLMETE,BFR7,markchen,178663.0,1619873.0
2024-08-01,TW_BBN1,TW,SEIROG,BBN1,thuang,177722.0,397055.0
2024-08-01,TH_950,TH,SELSUN,950,kanoksakk,174253.08000000002,250253.08000000002
2024-08-01,TW_BHN2,TW,TRULIC,BHN2,hachen,173944.0,491326.0
2024-08-01,TW_BIBD,TW,JANUVI,BIBD,jko,170463.0,680763.0
2024-08-01,TH_ED9,TH,PONTEV,ED9,wanwisam,170000.0,304700.0
2024-08-01,TH_072,TH,DIOVAN,072,piyasakp,168862.0,197836.86
2024-08-01,TH_EO4,TH,CIALIS,EO4,kittanatev,167500.0,278700.0
2024-08-01,TW_BJX1,TW,XYZAL,BJX1,eriliu,166921.0,281679.0
2024-08-01,TW_BIAA,TW,JANUVI,BIAA,weichen,166860.0,498171.0
2024-08-01,TW_BICA,TW,JANUVI,BICA,ivhsieh,166715.0,662664.0
2024-08-01,PH_PHARMAHEX02,PH,ORAHEX,PHARMAHEX02,EJDesola,166647.9232,2114843.7103999956
2024-08-01,TW_BJX2,TW,NICOTI,BJX2,aacheng,165442.0,353977.0
2024-08-01,TW_BBN6,TW,LAMISI,BBN6,kevilee,164074.0,843177.0
2024-08-01,TW_BIBJ,TW,JANUVI,BIBJ,towong,163983.0,444659.0
2024-08-01,PH_PHARMAHEX03,PH,ORAHEX,PHARMAHEX03,AMarabarbas,163891.38700000002,2192010.128999995
2024-08-01,TH_PO7,TH,AFSTYL,PO7,NattanichaK;SirakanP,163800.0,1830926.0
2024-08-01,TH_EA7,TH,CYRAMZ,EA7,thatarots,160000.0,441625.0
2024-08-01,TW_BIAI,TW,JANUVI,BIAI,lydlin,159381.0,416913.0
2024-08-01,TW_BJZD,TW,XENICA,BJZD,abewu,158672.0,675726.0
2024-08-01,TW_BIAC,TW,JANUVI,BIAC,kilin,156843.0,615015.0
2024-08-01,TW_BU11_C1,TW,KANEKA,BU11_C1,rliao,155680.0,324068.0
2024-08-01,ID_MR_MRSBJAXX,ID,ULT,MRSBJAXX,,154438.0,634163035.0
2024-08-01,TH_PC2,TH,AFSTYL,PC2,NattanichaK;melaniel,154300.0,936720.0
2024-08-01,MY_MR_NETH,MY,ATACAN,NETH,,153463.1,746055.2999999999
2024-08-01,SG_MR_T103,SG,TIGERB,T103,KLEONG,152670.18000000008,169975.2200000001
2024-08-01,TW_BBS1,TW,SEIROG,BBS1,bw2,151480.0,494408.0
2024-08-01,TW_BU10_S1,TW,SCD,BU10_S1,dihsu,150963.0,1178397.0
2024-08-01,TW_BU10_S2,TW,UMB,BU10_S2,jellu,150246.0,193216.0
2024-08-01,TW_BIDC,TW,JANUVI,BIDC,lizchang,148891.0,398609.0
2024-08-01,TH_VAN,TH,MIACAL,VAN,ChanidawanS,148804.0,1471515.96
2024-08-01,TW_BBC1,TW,NICOTI,BBC1,b04,146483.0,577528.0
2024-08-01,TH_649,TH,ARCOXI,649,SatthaphongI,145242.58000000002,174846.88
2024-08-01,TH_EGK,TH,JANUXR,EGK,papattarananv,142912.0,327096.0
2024-08-01,TW_BHC2,TW,HUMALO,BHC2,willchen01,140359.0,847837.0
2024-08-01,TW_BIEK,TW,JANUVI,BIEK,miuchang;wwu,139804.0,388905.0
2024-08-01,TH_EEP,TH,JANUME,EEP,utsaneeh,139482.0,460182.0
2024-08-01,TH_256,TH,MAGESF,256,kanoksakk,137680.27000000002,155848.51
2024-08-01,TW_BFN5,TW,EVOXAC,BFN5,mliu,136763.0,1421773.0
2024-08-01,TW_BIBA,TW,JANUVI,BIBA,amlo,136081.0,541442.0
2024-08-01,MY_MR_T20S,MY,MALTOF,T20S,CCKiong;MWKow;WHoo;bwlye;faylim;jimleong;jlmar;lee.ching;ljchin;lssee;yee.theng;yflian;yunn.yeu,135099.9,327763.75999999995
2024-08-01,PH_KLNATL05,PH,IMOJEV,KLNATL05,DRUy;kmlaxa,134400.0,1217640.0
2024-08-01,TH_958,TH,JARDIA,958,PhatthananyaR,134400.0,1048062.5
2024-08-01,ID_MR_MRMDCV02,ID,MRD,MRMDCV02,ifahri,133623.0,58293168.0
2024-08-01,TH_ED7,TH,ZYPREX,ED7,nathayap,132000.0,552800.0
2024-08-01,TH_293,TH,SALINE,293,PutthidaK,132000.0,533820.0
2024-08-01,TH_VAE,TH,MIACAL,VAE,WimonpornA;laliphass,131400.0,1576332.0
2024-08-01,TH_669,TH,NACLON,669,AdcharinC,130803.20000000004,811169.9199999997
2024-08-01,PH_PHARMAHEX04,PH,ORAHEX,PHARMAHEX04,JeEvangelista,130429.2318,1519382.814599998
2024-08-01,TH_921,TH,SERETI,921,EkaponJ,128488.82,368014.81999999995
2024-08-01,TH_VAL,TH,KANARB,VAL,wirist,127524.0,858710.0
2024-08-01,TW_BU11_N2,TW,KANEKA,BU11_N2,sahsu,127338.0,163829.0
2024-08-01,TH_991,TH,SELSUN,991,ChatchalwanK,126157.04,912810.6199999995
2024-08-01,TH_EEN,TH,TRULIC,EEN,sirinartk,125000.0,425000.0
2024-08-01,MY_MR_NTRD,MY,CLARIN,NTRD,,123374.75,124715.75
2024-08-01,TH_066,TH,MAGESF,066,NamphonT,121460.58,161787.58000000002
2024-08-01,TW_BHS2,TW,TRULIC,BHS2,,120574.0,273246.0
2024-08-01,PH_AONATL05,PH,XGEVA,AONATL05,ERRaflores,119067.648,1336226.5420000008
2024-08-01,TW_BIEE,TW,JANUME,BIEE,miuchang;wwu,118503.0,270416.0
2024-08-01,TW_BHN1,TW,TRULIC,BHN1,daviwu,118319.0,863897.0
2024-08-01,TH_ED4,TH,OLUMIA,ED4,jarunees,116950.0,1356700.0
2024-08-01,TW_BBN5,TW,SEIROG,BBN5,pechang,116226.0,393151.0
2024-08-01,MY_MR_E113,MY,YULARE,E113,wpsoo,115584.0,150680.0
2024-08-01,TH_EGE,TH,HUMALO,EGE,kamolchanokh,115184.86,261390.36
2024-08-01,ID_MR_MRJKRE04,ID,SPP,MRJKRE04,gkcsumirat,114859.0,207904296.0
2024-08-01,PH_CHCNL01,PH,PROCAP,CHCNL01,alhernandez,114849.68,179540.19999999998
2024-08-01,TW_BJN4,TW,XYZAL,BJN4,jahu,114491.0,410872.0
2024-08-01,SG_MR_T102,SG,TIGERB,T102,BTeo,113145.02999999998,869211.72
2024-08-01,TW_BJX3,TW,WELLBU,BJX3,marliu,112783.0,2040431.0
2024-08-01,TH_EO5,TH,ZYPREX,EO5,sompotb,111600.0,237713.0
2024-08-01,TH_EC7,TH,URGOCE,EC7,thanittars,110919.0,2320069.0
2024-08-01,PH_GAS_HA,PH,FAKTU,GAS_HA,,110575.92999999996,1713778.0999999987
2024-08-01,TH_290,TH,SALINE,290,PunyaveeS,108540.0,465825.0
2024-08-01,TW_BBC2,TW,SEIROG,BBC2,bw1,105927.0,205439.0
2024-08-01,TW_BJZ3,TW,NICOTI,BJZ3,uli,105561.0,417693.0
2024-08-01,TH_652,TH,GALVUS,652,KittraweeW,105440.0,3263410.7700000037
2024-08-01,MY_MR_E111,MY,YULARE,E111,phteoh,105264.0,332404.0
2024-08-01,TW_BU11_S2,TW,KANEKA,BU11_S2,ychang,105216.0,350483.0
2024-08-01,MY_MR_T401,MY,CLARIN,T401,yuya.wong,103400.2,113772.92
2024-08-01,TH_VAM,TH,PERSKI,VAM,NipapornNe;WimonpornA,102594.0,1503746.0
2024-08-01,PH_PHARMAHEX01,PH,ORAHEX,PHARMAHEX01,HVDominguez,102091.31419999998,1861132.6073999964
2024-08-01,TW_BI00,TW,JANUVI,BI00,jameswu,101557.0,2985981.0
2024-08-01,TH_ED8,TH,TALTZ,ED8,sarinuchj,100000.0,1760000.0
2024-08-01,TH_EJD,TH,JANUXR,EJD,alysab,99990.0,108239.175
2024-08-01,TW_BICD,TW,JANUVI,BICD,tichen,98359.0,397220.0
2024-08-01,TH_EHI,TH,HUMALO,EHI,jakkritl,98266.0,810866.0
2024-08-01,TH_947,TH,CRANBE,947,sudapornp,97912.61999999998,155795.33999999997
2024-08-01,ID_MR_MRJKVMX1,ID,GLX,MRJKVMX1,,95432.8,181218044.4
2024-08-01,TW_BJY2,TW,LAMICT,BJY2,rchuang,94714.0,479848.0
2024-08-01,TH_513,TH,NEPRO,513,RuethairatI,94377.52,1426946.9400000002
2024-08-01,TH_EDD,TH,OLUMIA,EDD,PhinsudaS,94000.0,844000.0
2024-08-01,PH_PHARMAHEX_HA,PH,ORAHEX,PHARMAHEX_HA,,93534.1466,1648075.180199996
2024-08-01,TH_PC4,TH,SURVAN,PC4,NattanichaK;pimchayas,93450.0,203511.0
2024-08-01,PH_PHARMAHEX06,PH,ORAHEX,PHARMAHEX06,JLayco,93403.968,1395441.825999998
2024-08-01,TH_927,TH,ZYRTEC,927,panaikornk,93202.6,134332.6
2024-08-01,TH_EEB,TH,CIALIS,EEB,JareeratTa,91940.0,474940.0
2024-08-01,TH_EHE,TH,JANUXR,EHE,aungkanaJ,91940.0,147641.0
2024-08-01,TW_BIDO,TW,JANUVI,BIDO,b95,91712.0,365799.0
2024-08-01,PH_CHC5NAT01,PH,LUPROL,CHC5NAT01,psahagun,91700.83,383135.57000000007
2024-08-01,TH_EGA,TH,JANUXR,EGA,watchirapornm,91000.0,196300.0
2024-08-01,PH_KLNATL07,PH,BONVIV,KLNATL07,SJMadeloso,90245.16,517573.31999999995
2024-08-01,SG_MR_TLS2,SG,ROTARI,TLS2,ckwyap;nur.asyiqin;thanasanthini;wlwee,89368.83000000003,565455.0100000002
2024-08-01,TH_994,TH,SELSUN,994,TanawatK,89174.88,235174.88
2024-08-01,TH_932,TH,SERETI,932,ChaiyanU,89173.84999999998,104173.84999999998
2024-08-01,TH_079,TH,DIOVAN,079,TrinN,87992.99999999999,238093.0
2024-08-01,TH_654,TH,GALVUS,654,KantimaC,87920.0,278080.0
2024-08-01,PH_GASNATL205,PH,PANTOL,GASNATL205,JCSantiago,87825.0,804734.440000001
2024-08-01,TH_896,TH,CENTRU,896,KwanhataiP,87148.88,128854.78000000003
2024-08-01,TH_299,TH,AMINOL,299,PinyadaJ,86940.0,229527.02000000002
2024-08-01,MY_MR_T80S,MY,PERSKI,T80S,HMeLee;SeanDS;TJChong;WHoo;alkwyap;cbhor;eltan;faylim;jimleong;jlmar;yee.theng;yyleong,86609.95999999996,81441.95999999996
2024-08-01,TH_EJB,TH,HUMALO,EJB,sitipornp,86296.0,409088.0
2024-08-01,PH_NONPROM,PH,BASAGL,NONPROM,,85902.59999999999,2353026.9599999953
2024-08-01,TW_BJS3,TW,DIANE,BJS3,jerchang,85332.0,492952.0
2024-08-01,TH_653,TH,ELOMET,653,tanyac,83990.92000000001,240303.21000000002
2024-08-01,TW_BFR5,TW,OLMETE,BFR5,fachiang,83932.0,90789.0
2024-08-01,TH_EC3,TH,CYMBAL,EC3,ThakornJ;supanann,83350.0,206720.0
2024-08-01,TH_EEA,TH,CIALIS,EEA,papichamonw,83325.0,873846.9419999999
2024-08-01,TH_068,TH,MADIPL,068,CherngcharnP,82511.0,183161.0
2024-08-01,TW_BIDN,TW,JANUVI,BIDN,byeh,82221.0,302689.0
2024-08-01,TH_PC3,TH,PRIVIG,PC3,NattanichaK;tippongw,82130.7,1617359.5
2024-08-01,SG_MR_ZZ3,SG,GAVISC,ZZ3,,82072.25,139312.05
2024-08-01,MY_MR_E112,MY,ALIMTA,E112,samantha.chang,81000.0,351384.0
2024-08-01,TW_BHN4,TW,HUMALO,BHN4,daviwu,80699.0,322076.0
2024-08-01,TW_BHN5,TW,HUMALO,BHN5,elechen,79203.0,841440.0
2024-08-01,TW_BHC3,TW,TRULIC,BHC3,hslin,79096.0,644433.0
2024-08-01,TH_951,TH,SELSUN,951,patiwatt,78279.5,130279.5
2024-08-01,PH_PHARMAHEX10,PH,ORAHEX,PHARMAHEX10,rjolermo,77039.28280000002,1001213.3015999992
2024-08-01,TH_053,TH,ENSURE,053,pimpikas;siwapornm,76611.02,876849.5999999999
2024-08-01,TW_BIEG,TW,FORTEO,BIEG,shsiao,75844.0,771350.0
2024-08-01,MY_MR_P13S,MY,FORTEO,P13S,alvin.poh;ctlee;tankh,75296.0,192584.0
2024-08-01,TH_EDA,TH,OLUMIA,EDA,ThanatphornS,75000.0,102000.0
2024-08-01,TW_BIDD,TW,JANUVI,BIDD,gchou,74535.0,164688.0
2024-08-01,TW_BFS4,TW,OLMETE,BFS4,jaccheng,74508.0,1071341.0
2024-08-01,TW_BJY1,TW,NICOTI,BJY1,nzhang,74332.0,264265.0
2024-08-01,TW_BIEA,TW,JANUVI,BIEA,jliu,74256.0,292824.0
2024-08-01,TH_EA6,TH,GEMZAR,EA6,dechaw,74250.0,98250.0
2024-08-01,TH_PC1,TH,AFSTYL,PC1,NattanichaK;ampornphanm;phisutp,74161.86,1299629.4400000002
2024-08-01,TW_BICC,TW,JANUVI,BICC,anfu,74092.0,757610.0
2024-08-01,TH_EO9,TH,PROZAC,EO9,,73500.0,228560.0
2024-08-01,TH_067,TH,MADIPL,067,KittiC,72453.0,138153.0
2024-08-01,TH_737,TH,SERC,737,SulaleewanS,71984.0,133557.0
2024-08-01,TH_EGC,TH,HUMALO,EGC,salinyosd,71392.86,90462.86
2024-08-01,PH_MSDNLGMA02,PH,HUMALO,MSDNLGMA02,HPRufo,71262.0,301061.95999999996
2024-08-01,PH_PHARMAHEX07,PH,ORAHEX,PHARMAHEX07,MVVergara,71211.4966,1105208.4301999991
2024-08-01,TW_BIED,TW,JANUVI,BIED,vwu,70934.0,220534.0
2024-08-01,TH_891,TH,POLIDE,891,Vathitb,70771.34000000001,690163.5899999995
2024-08-01,TH_EF7,TH,JANUVI,EF7,prachumk,70332.0,411156.0
2024-08-01,TW_BAL2,TW,SEIROG,BAL2,terchen,70127.0,1505950.0
2024-08-01,TW_BHS1,TW,HUMALO,BHS1,sthuang,69762.0,220385.0
2024-08-01,PH_ABNATL05,PH,MVASI,ABNATL05,mymaningo,69480.88,704468.7400000001
2024-08-01,TW_BU10_N2,TW,P-PI,BU10_N2,jjian,68990.0,97562.0
2024-08-01,TW_BJX4,TW,XYZAL,BJX4,becchen,68838.0,474493.0
2024-08-01,TH_738,TH,KLACID,738,kittiphong;pichamonra,68221.5,315367.45999999996
2024-08-01,TH_257,TH,MAGESF,257,ChatchalwanK,67654.43,634069.6299999999
2024-08-01,TW_BIDF,TW,DIFFLA,BIDF,rictsai,65829.0,3245743.0
2024-08-01,MY_MR_T303,MY,CETAPH,T303,scteh,65501.40000000003,219665.51999999996
2024-08-01,TW_BHS7,TW,HUMALO,BHS7,jayu,65455.0,352160.0
2024-08-01,TH_EA2,TH,CYRAMZ,EA2,thitikornj,64994.0,1524194.0
2024-08-01,TW_BHN3,TW,HUMALO,BHN3,vchen,64840.0,240357.0
2024-08-01,TH_733,TH,SERC,733,WirojW;nisacholc,64696.0,119968.8
2024-08-01,TH_EGG,TH,HUMALO,EGG,supatsay,64400.0,68000.0
2024-08-01,TH_647,TH,DERMAT,647,mayurachadt,64370.579999999994,233650.58
2024-08-01,TW_BFC2,TW,OLMETE,BFC2,syyu,62400.0,1235714.0
2024-08-01,TW_BHC1,TW,TRULIC,BHC1,mahuang,62268.0,885614.0
2024-08-01,TH_EEM,TH,CIALIS,EEM,nitapornp,61824.0,680985.942
2024-08-01,TW_BIDM,TW,JANUVI,BIDM,adchiu,61684.0,198299.0
2024-08-01,TW_BIBI,TW,JANUVI,BIBI,cichou,61632.0,274080.0
2024-08-01,TH_928,TH,ZYRTEC,928,JirapornKh,61416.88,64716.88
2024-08-01,MY_MR_Z104,MY,TALTZ,Z104,siew.ting,60756.0,155886.55
2024-08-01,TW_BJZ2,TW,REQUIP,BJZ2,petehsieh,60747.0,276962.0
2024-08-01,MY_MR_T302,MY,MEDIS,T302,chrystian.teh;meklee,60630.84999999999,64821.84999999999
2024-08-01,TW_BIBB,TW,JANUVI,BIBB,jerrchiang,60231.0,897272.0
2024-08-01,TH_EGI,TH,JANUVI,EGI,chanakantn,60000.0,85930.0
2024-08-01,PH_PHARMAHEX09,PH,ORAHEX,PHARMAHEX09,JAFecara,59466.3052,753435.8443999996
2024-08-01,MY_MR_T30S,MY,SURBEX,T30S,MayTan;allow;cwon;etwong;faylim;jeremy.kueh;jia.yie;jimleong;jlmar;lee.ching;yflian;yunn.yeu,59000.57000000009,147583.50000000003
2024-08-01,SG_MR_E012,SG,FLUARI,E012,SLJLim,58005.7,89591.2
2024-08-01,TH_833,TH,SAMBUC,833,SawanyaPh;THMENAR-PNattapong;thmenar-kchutimon;thmenar-psawanya,57323.54999999999,349984.2699999994
2024-08-01,MY_MR_E405,MY,PONTEV,E405,kpteh,56561.0,140689.0
2024-08-01,TH_298,TH,ONCERE,298,PasinL,56400.0,143418.0
2024-08-01,TH_930,TH,AVODAR,930,nattharatp,55840.0,1317493.3800000004
2024-08-01,TH_VHA,TH,CYGEST,VHA,siriluckc,55610.5,682610.5
2024-08-01,TH_EB5,TH,FORTEO,EB5,TitinanK,54990.0,5046240.0
2024-08-01,TH_512,TH,GLUCER,512,WasiponW,54650.08,3774908.96
2024-08-01,TH_PO1,TH,PRIVIG,PO1,NattanichaK;SathitS,54150.0,628470.0
2024-08-01,SG_MR_ESS1,SG,JANUVI,ESS1,JLHoon;NCYChng;QXOChua;aataladtad;spslim,53606.56,304315.76
2024-08-01,TW_BHN6,TW,HUMALO,BHN6,hachen,53470.0,254191.0
2024-08-01,PH_ONCONATL05,PH,KYTRIL,ONCONATL05,ldevera;lsansarona,53200.0,1654887.2999999998
2024-08-01,TW_BIDB,TW,JANUVI,BIDB,nhuang,52556.0,74297.0
2024-08-01,TH_ED1,TH,CYMBAL,ED1,thanutrak,52500.0,446000.0
2024-08-01,TH_ED5,TH,ZYPREX,ED5,supunneeh,52500.0,290700.0
2024-08-01,TW_BBS5,TW,SEIROG,BBS5,edtsai,52295.0,557673.0
2024-08-01,TH_EEG,TH,CIALIS,EEG,chalagornp,51600.0,170512.5
2024-08-01,TW_BAL1,TW,LAMISI,BAL1,mliao,51195.0,672037.0
2024-08-01,TH_982,TH,ESTROF,982,chalermphans,50820.0,66104.0
2024-08-01,SG_MR_T403,SG,REFRES,T403,JJIANGCC,50597.6,57159.11
2024-08-01,TH_EEC,TH,JANUVI,EEC,nutthawutk,50400.0,138900.0
2024-08-01,PH_CNLGMA02,PH,HUMALO,CNLGMA02,ppineda;rtangente,50076.0,843914.6999999997
2024-08-01,TH_062,TH,MAGESF,062,JaruwatT,50000.0,202096.0
2024-08-01,TH_EEF,TH,CIALIS,EEF,tunchanokp,50000.0,500000.0
2024-08-01,TH_773,TH,BELARA,773,RattikaN,49637.5,187022.5
2024-08-01,TH_731,TH,NEPRO,731,KhairachS,49067.43,4982888.639999999
2024-08-01,TH_916,TH,VENTOL,916,KaranphonS,49038.75999999999,1537053.719999997
2024-08-01,TH_EC6,TH,URGOCE,EC6,kanokwant,49037.0,3019037.0
2024-08-01,TW_BHS3,TW,HUMALO,BHS3,alchen,48129.0,197171.0
2024-08-01,TW_BIEJ,TW,JANUVI,BIEJ,jimmwu,47385.0,139997.0
2024-08-01,TH_643,TH,GALVUS,643,BenjawanC,46800.0,272320.0
2024-08-01,TH_975,TH,TMPLYO,975,mareeneet,46500.0,76800.0
2024-08-01,TH_393,TH,ACETAR,393,PradthanaS,46368.0,243568.0
2024-08-01,TW_BICE,TW,FORTEO,BICE,ohuang,46111.0,1674448.0
2024-08-01,TH_EC2,TH,URGOCE,EC2,waranyac,45234.0,121499.0
2024-08-01,SG_MR_E013,SG,SANDOL,E013,WWangWC;eljchan,44665.0,378603.98
2024-08-01,TH_EJA,TH,HUMALO,EJA,rittirongl,44660.0,94892.0
2024-08-01,TW_BBN2,TW,LAMISI,BBN2,kn1,44357.0,434309.0
2024-08-01,TH_175,TH,BLOPRP,175,kittiphong,44296.0,633516.0
2024-08-01,TW_BHC4,TW,TRULIC,BHC4,cuwu,43757.0,600092.0
2024-08-01,TH_EJF,TH,HUMALO,EJF,tosapolk,43200.0,57280.0
2024-08-01,TH_EE5,TH,TRULIC,EE5,aruneew,42600.0,82080.0
2024-08-01,PH_CVISMIN05,PH,HUMALO,CVISMIN05,dpellen,42578.44,551435.72
2024-08-01,TH_EB4,TH,URGOCE,EB4,chanyanant,42450.48,925200.48
2024-08-01,PH_CSLNATL06,PH,HUMANA,CSLNATL06,ilteleron,42374.4,9339879.840000004
2024-08-01,PH_CHCNGMA08,PH,PROCAP,CHCNGMA08,KArroyo,42313.04,145479.47
2024-08-01,MY_MR_Z103,MY,PHYSIO,Z103,kooi.sheng,41580.0,93334.95
2024-08-01,TW_BU10_C2,TW,P-ESSE,BU10_C2,melliu,41526.0,364605.0
2024-08-01,TW_BIEC,TW,JANUVI,BIEC,clu,41152.0,135802.0
2024-08-01,PH_GASNATL02,PH,PANTOL,GASNATL02,kbelarmino,41108.00000000001,1085821.0000000012
2024-08-01,TH_853,TH,VOLTAR,853,PathompongK,40855.32,535341.27
2024-08-01,TW_BHS4,TW,TRULIC,BHS4,marchen,40390.0,173496.0
2024-08-01,TH_VHE,TH,VERRUM,VHE,nattakonn,40000.0,809000.0
2024-08-01,TW_BJS2,TW,DIANE,BJS2,charlelin,39452.0,153825.0
2024-08-01,TH_EB2,TH,URGOCE,EB2,chutimat,39375.0,504055.9
2024-08-01,TH_065,TH,BLOPRE,065,ManatA,39340.0,159880.0
2024-08-01,TH_VHF,TH,ALUVIA,VHF,sirawitr,38950.0,116850.0
2024-08-01,TH_EGD,TH,JANUXR,EGD,thanyalakt,38640.0,150840.0
2024-08-01,TH_EHD,TH,JANUXR,EHD,promphanw;suvitchayac,38640.0,99620.0
2024-08-01,TH_EEJ,TH,JANUVI,EEJ,nantapornl,38640.0,-381310.0
2024-08-01,TH_071,TH,BLOPRE,071,WatcharachaiN,38124.0,52992.0
2024-08-01,TW_BFC1,TW,EFIENT,BFC1,sewu,38057.0,1344294.0
2024-08-01,TH_VH3,TH,ALBUMI,VH3,BussayaW,38000.0,235600.0
2024-08-01,TH_EC1,TH,URGOCE,EC1,passaporns,38000.0,88978.0
2024-08-01,PH_DIABVM06,PH,KALIUM,DIABVM06,fsabando,36029.5,160344.07000000004
2024-08-01,TH_EDE,TH,ZYPREX,EDE,sudaratk,36000.0,486000.0
2024-08-01,TH_944,TH,NORMET,944,Hathaipatw,35545.0,51292.51
2024-08-01,PH_MSDVM06,PH,HUMALO,MSDVM06,Gvillagomez,35113.86,237221.23000000004
2024-08-01,TW_BJS6,TW,VISANN,BJS6,atai,35040.0,1053537.0
2024-08-01,MY_MR_T803,MY,JANUME,T803,AKang,34713.0,129276.0
2024-08-01,MY_MR_E402,MY,PONTEV,E402,knong,34091.0,37643.0
2024-08-01,TH_EA4,TH,ALIMTA,EA4,nichakornt,34020.0,1531980.0
2024-08-01,TW_BJC1,TW,NICOTI,BJC1,antsai,33715.0,158927.0
2024-08-01,TH_515,TH,ENSURE,515,hathaikanv,33600.0,248546.48
2024-08-01,TH_ED3,TH,PROZAC,ED3,panjanp,33250.0,687600.0
2024-08-01,TW_BBS3,TW,TIGERB,BBS3,lchou,33102.0,142558.0
2024-08-01,TH_640,TH,SALOFA,640,KittipornJ,32796.34,221625.54
2024-08-01,TH_EA3,TH,GEMZAR,EA3,voranuntv,32740.0,607240.0
2024-08-01,TW_BJE1,TW,VISUDY,BJE1,julchang,32605.0,1485380.0
2024-08-01,PH_CHCMIN02,PH,PHYSIO,CHCMIN02,msabando,32438.28,190425.04559999998
2024-08-01,TW_BIDH,TW,ALDARA,BIDH,jashuang,32058.0,3199039.0
2024-08-01,MY_MR_E114,MY,ALIMTA,E114,xlkoh,31992.0,321984.0
2024-08-01,TH_EB6,TH,URGOCE,EB6,prannapan,31809.0,144724.0
2024-08-01,PH_CVM1NL04,PH,JANUME,CVM1NL04,,31632.724,168732.289
2024-08-01,TH_871,TH,PANADO,871,waruneen,31537.759999999987,298390.24
2024-08-01,MY_MR_T809,MY,KETOTO,T809,cbhor,31491.48,51552.8
2024-08-01,TH_881,TH,SENSOD,881,ChakkritC,31487.21999999999,85517.66
2024-08-01,TH_893,TH,CENTRU,893,pornsirisir,31218.76,39110.6
2024-08-01,TH_EO1,TH,TRULIC,EO1,Jutharuts,30800.0,240400.0
2024-08-01,TW_BJY3,TW,XYZAL,BJY3,stchang,30667.0,369635.0
2024-08-01,TH_VH1,TH,ALBUMI,VH1,Pariyapornn,30600.0,100800.0
2024-08-01,TH_923,TH,VENTOL,923,tanwaratko,30356.44000000001,266120.17000000004
2024-08-01,TH_EEQ,TH,CIALIS,EEQ,manasaweel,30240.0,262651.0
2024-08-01,TW_BIDJ,TW,TAMBOC,BIDJ,brychen,29806.0,3593149.0
2024-08-01,TH_EK2,TH,JANUXR,EK2,,29624.0,95284.0
2024-08-01,PH_CVM1VM07,PH,HUMALO,CVM1VM07,RASalceda,29129.0,181866.11
2024-08-01,PH_CVM1_HA,PH,JANUXR,CVM1_HA,,29076.59999999999,2491014.7500000023
2024-08-01,TW_BIDK,TW,JANUVI,BIDK,echiu,29039.0,220902.0
2024-08-01,TH_054,TH,JEVITY,054,DarinP,29025.36,4369038.72
2024-08-01,PH_CNLGMA09,PH,IMDUR,CNLGMA09,RDimasaca,28890.0,294490.95000000007
2024-08-01,SG_MR_T303,SG,TEARSN,T303,lleejf,28766.30999999999,120350.62999999998
2024-08-01,TH_EE9,TH,JANUME,EE9,wimolwann,28336.0,1229186.0
2024-08-01,TH_770,TH,GANATO,770,sasanonn,28020.0,49159.240000000005
2024-08-01,TH_EGF,TH,JANUXR,EGF,jaruwannees,28000.0,78300.0
2024-08-01,TH_648,TH,PROSCA,648,WatchareeT,27769.0,103371.64
2024-08-01,PH_MSDSLGMA01,PH,IMDUR,MSDSLGMA01,NEstaniel,27692.0,135157.31999999998
2024-08-01,PH_IMMU02,PH,OLUMIA,IMMU02,JLSo;jmbacasmas,27583.2,1253082.5999999996
2024-08-01,TW_XXBU8,TW,DIANE,XXBU8,,26927.0,535812.0
2024-08-01,TH_296,TH,ONCEPR,296,ChananwatW,26785.0,500685.0
2024-08-01,TH_886,TH,ENO,886,thatkarans,26770.609999999997,269958.21
2024-08-01,TW_BHS6,TW,HUMALO,BHS6,bhu,26555.0,113197.0
2024-08-01,TW_BBN3,TW,NICOTI,BBN3,jolian,26240.0,286251.0
2024-08-01,MY_MR_E801,MY,HUMALO,E801,kphua,26021.960000000003,84739.06
2024-08-01,SG_MR_E011,SG,INFANR,E011,KPalani,25973.980000000003,58658.81
2024-08-01,MY_MR_E407,MY,PONTEV,E407,leonard.chi;wclee,25767.6,199043.6
2024-08-01,TH_915,TH,DERMOV,915,NaruedeeK,25686.929999999997,293169.93
2024-08-01,TH_736,TH,DUPHAL,736,RinsaiP,25675.5,530485.5
2024-08-01,TW_BIDE,TW,JANUVI,BIDE,piwang,25322.0,303681.0
2024-08-01,PH_AONATL04,PH,KANJIN,AONATL04,Kmondenedo;lbacus,25097.5,1363794.799999999
2024-08-01,TH_769,TH,SERC,769,KamonchanokS,25078.0,243738.0
2024-08-01,TH_EE6,TH,CIALIS,EE6,yadak,25000.0,39280.0
2024-08-01,TH_063,TH,LIXIAN,063,MonthathipM,24920.0,89085.0
2024-08-01,TH_984,TH,TRAJEN,984,vichadaw,24840.0,886002.08
2024-08-01,MY_MR_T411,MY,CLARIN,T411,eloh,24797.0,51151.15
2024-08-01,MY_MR_K007,MY,LOXOTO,K007,faylim;jimleong;jlmar,24640.0,25249.25
2024-08-01,BN_MR_B301,BN,KALETR,BNABB1,jkkhoo,24600.0,29565.239999999998
2024-08-01,TH_739,TH,HIDRAS,739,,24500.0,116450.0
2024-08-01,TH_VH6,TH,FERINJ,VH6,JiratchayaS,24500.0,265000.0
2024-08-01,TH_EDB,TH,PROZAC,EDB,owaychais,24500.0,131000.0
2024-08-01,TW_BICH,TW,JANUVI,BICH,nilin,24421.0,161344.0
2024-08-01,TH_514,TH,ENSURE,514,Akhinank,23777.1,18765108.25
2024-08-01,TH_911,TH,IMIGRA,911,WorrawatS;natphisitk,23700.0,42900.0
2024-08-01,TW_BIDG,TW,TAMBOC,BIDG,sanliao,23475.0,93196.0
2024-08-01,MY_MR_MPS1,MY,JANUVI,MPS1,,23275.0,34615.0
2024-08-01,TH_EEH,TH,JANUVI,EEH,AtcharaK,23184.0,1023184.0
2024-08-01,PH_ABVNATL06,PH,SURVAN,ABVNATL06,obere,22903.7,137422.88
2024-08-01,MY_MR_K004,MY,COLLAG,K004,jchew,22778.140000000003,47069.70000000001
2024-08-01,PH_CFXNATL07,PH,PANTOL,CFXNATL07,cmatienza,22654.6,795802.260000002
2024-08-01,TH_EE0,TH,CIALIS,EE0,,22500.0,75150.0
2024-08-01,MY_MR_K002,MY,LLOSEC,K002,faylim;jessica.chan;jimleong;jlmar,22472.4,119652.82999999999
2024-08-01,PH_PHARMAHEX08,PH,ORAHEX,PHARMAHEX08,ykberos,22417.7876,695903.9671999995
2024-08-01,TH_901,TH,ZOVIRA,901,PattananS,21948.0,131058.0
2024-08-01,PH_APNATL05,PH,XGEVA,APNATL05,SRicafort;ajalbahr,21262.08,633796.8600000001
2024-08-01,PH_MSDNLGMA01,PH,HUMALO,MSDNLGMA01,ZLFrancisco,21186.0,145778.94
2024-08-01,TW_BHS5,TW,HUMALO,BHS5,siliu,20969.0,367050.0
2024-08-01,PH_CSLNATL07,PH,ALBURX,CSLNATL07,nibueno,20699.4,14718383.160000017
2024-08-01,TH_518,TH,ENSURE,518,phanomn,20524.96,817130.8799999999
2024-08-01,SG_MR_E007,SG,JANUXR,E007,YTKChee,20317.4,55648.6
2024-08-01,PH_DIABNL02,PH,KALIUM,DIABNL02,jtomas,20286.175,108664.865
2024-08-01,TH_EDG,TH,CYMBAL,EDG,SasikanT,19800.0,202270.0
2024-08-01,PH_GASNATL06,PH,FAKTU,GASNATL06,ajcabatit,19323.06,2458868.68
2024-08-01,TH_854,TH,VOLTAR,854,VenusJ,19240.7,744467.18
2024-08-01,TH_771,TH,CREON,771,chonlachaib,19000.0,535850.0
2024-08-01,MY_MR_M003,MY,AMARYL,M003,hui.keow,18828.2,77061.2
2024-08-01,TW_BIAH,TW,ALDARA,BIAH,tinchen,18800.0,3760583.0
2024-08-01,MY_MR_Z101,MY,PHYSIO,Z101,echan,18710.0,20562.82
2024-08-01,TH_953,TH,SPIRIV,953,phongsirip,18700.0,58700.0
2024-08-01,MY_MR_T309,MY,CETAPH,T309,cwon,18691.78,26446.53
2024-08-01,MY_MR_E504,MY,TRULIC,E504,adeline.ang,18579.0,46195.28
2024-08-01,MY_MR_E2PS,MY,CLARIT,E2PS,,18467.0,60523.5
2024-08-01,MY_MR_M022,MY,SOLIQU,M022,wan.ning,18355.0,42820.0
2024-08-01,TH_VHB,TH,ALBUMI,VHB,pongsirij,18350.0,260310.0
2024-08-01,TH_069,TH,BIODER,069,JatupornV,18325.34,130825.34
2024-08-01,TH_946,TH,ARISTO,946,NonglukK,17700.0,200700.0
2024-08-01,MY_MR_M017,MY,AMARYL,M017,lyra.yeo,17543.2,17900.8
2024-08-01,MY_MR_M008,MY,SOLIQU,M008,deirdre.wong,17539.839999999997,171919.84
2024-08-01,PH_CSLGMA01,PH,HUMALO,CSLGMA01,rbahala,17334.0,768117.0499999999
2024-08-01,TH_925,TH,REQUIP,925,unlapada,17220.0,29124.0
2024-08-01,TH_673,TH,CAFERG,673,AmonratK,17078.88,108127.96
2024-08-01,TH_734,TH,KLACID,734,kodchanipav,16600.0,23272.84
2024-08-01,TH_642,TH,PRILIG,642,PatcharaT,16317.0,171278.68
2024-08-01,TH_904,TH,AUGMEN,904,kewaleer,16259.96,151478.40000000002
2024-08-01,MY_MR_T806,MY,CIALIS,T806,HMeLee,16093.0,19666.75
2024-08-01,PH_DIABGMA07,PH,XENICA,DIABGMA07,RSamson,16038.0,135220.49999999994
2024-08-01,PH_DIABVM08,PH,ROCALT,DIABVM08,adereal,16026.0,339458.23000000016
2024-08-01,MY_MR_MSS1,MY,JANUXR,MSS1,PKKhor;alice.tai;amy.cheah;chong.shii;elly.tai;lee.chen;lyra.yeo;mei.zhi;melvin.chan;michelle.ho;michelle.teh;nattalie.khoo;wen.fei,15960.0,17955.0
2024-08-01,TH_957,TH,BERODU,957,BowornY,15960.0,68400.0
2024-08-01,TW_BJN6,TW,SEROXA,BJN6,deyeh,15946.0,44005.0
2024-08-01,PH_DIABNL04,PH,ROCALT,DIABNL04,JViray;eacruz,15839.0,127337.03
2024-08-01,MY_MR_Z102,MY,PHYSIO,Z102,ginny.tsan,15680.0,131748.0
2024-08-01,PH_DIABGMA08,PH,KALIUM,DIABGMA08,MPMarcelo,15665.0,119883.0
2024-08-01,TH_EHH,TH,HUMALO,EHH,supinthongs,15560.0,36560.0
2024-08-01,TW_BIEH,TW,DIFFLA,BIEH,byen,15415.0,117538.0
2024-08-01,TW_BJZ1,TW,NICOTI,BJZ1,mkuo,15347.0,474795.0
2024-08-01,TW_BJN2,TW,XYZAL,BJN2,chlhuang,15205.0,172987.0
2024-08-01,TH_895,TH,SENSOD,895,SiriyaY,15182.120000000004,500147.58999999973
2024-08-01,PH_GASNATL01,PH,PANTOL,GASNATL01,mlibunao,15039.0,788272.5500000011
2024-08-01,TH_258,TH,LAMISI,258,TanawatK,14476.2,40046.979999999996
2024-08-01,MY_MR_E115,MY,ALIMTA,E115,cklo,14448.0,142416.0
2024-08-01,TH_VHD,TH,VERRUM,VHD,nichapimp,14400.0,93010.0
2024-08-01,TW_BU10_KA,TW,LINER,BU10_KA,asu,14286.0,52095.0
2024-08-01,TH_664,TH,SAMBUC,664,Laphatsananb,14170.08,55496.240000000005
2024-08-01,TH_EES,TH,JANUVI,EES,pattarawatr,14168.0,648108.0
2024-08-01,TH_EJJ,TH,JANUXR,EJJ,pornpailins,14168.0,17168.0
2024-08-01,PH_DIABGMA01,PH,KALIUM,DIABGMA01,LAMendoza;mcdlopez,14098.5,194583.49999999997
2024-08-01,PH_CHCVIS06,PH,NIZORA,CHCVIS06,scataluna,13997.1,69278.52
2024-08-01,TW_BIAE,TW,ALDARA,BIAE,anchiu;tshuang,13954.0,986829.0
2024-08-01,TW_BU11_C2,TW,KANEKA,BU11_C2,bshen,13950.0,128530.0
2024-08-01,PH_CFXNATL03,PH,LUPROL,CFXNATL03,chtorres,13679.4,93733.06499999999
2024-08-01,MY_MR_T402,MY,CLARIN,T402,,13605.0,26463.079999999998
2024-08-01,PH_DIABSL03,PH,KALIUM,DIABSL03,alrivera;jyabut,13518.895,162526.99499999994
2024-08-01,TH_941,TH,MINIDI,941,thanapons,13440.0,133925.0
2024-08-01,SG_MR_T302,SG,BETADI,T302,Cku,13349.03,34456.01
2024-08-01,MY_MR_E810,MY,HUMALO,E810,xin.jian,13028.48,22922.379999999997
2024-08-01,SG_MR_TLS3,SG,RITALI,TLS3,,13025.77,58167.08
2024-08-01,SG_MR_ALCO2,SG,TEARSN,ALCO2,SGALCON_Wendy.Goh,13014.92,72102.88000000002
2024-08-01,SG_MR_ALCO1,SG,SYSTAN,ALCO1,SGALCON_Alicia.Tey,12997.91,210944.68999999997
2024-08-01,TH_EE2,TH,CIALIS,EE2,arbpetcht,12880.0,144917.5
2024-08-01,TH_EJC,TH,JANUXR,EJC,katesaraporns,12880.0,43940.0
2024-08-01,MY_MR_M001,MY,APIDRA,M001,howie.gay;nattalie.khoo,12854.809999999998,65675.45000000001
2024-08-01,SG_MR_T203,SG,TIGERB,T203,ITEOW,12741.780000000002,17775.480000000003
2024-08-01,TH_EG0,TH,HUMALO,EG0,,12733.0,365999.0
2024-08-01,TH_EDF,TH,PROZAC,EDF,itsaras;maturint,12700.0,89455.0
2024-08-01,TH_500,TH,GLUCER,500,,12694.35,3709325.47
2024-08-01,SG_MR_E006,SG,JANUXR,E006,klaong,12635.0,17915.0
2024-08-01,MY_MR_E808,MY,HUMALO,E808,stvoon,12594.14,34092.84
2024-08-01,MY_MR_E404,MY,PONTEV,E404,kit.kin,12538.0,12538.0
2024-08-01,PH_DIABGMA03,PH,KALIUM,DIABGMA03,LJMinay;mjdavid,12416.0,235122.3999999999
2024-08-01,PH_CVISMIN02,PH,HUMALO,CVISMIN02,knmananquil;vrnaldoza,12294.38,309947.115
2024-08-01,TH_503,TH,ENSURE,503,kasamonp,12286.08,589225.0199999999
2024-08-01,TW_BBS6,TW,TIGERB,BBS6,emchung,12205.0,410476.0
2024-08-01,TH_EJH,TH,HUMALO,EJH,walaipornl,12180.0,21030.0
2024-08-01,TH_VHC,TH,MERONE,VHC,PiyaphatP,12167.25,52167.25
2024-08-01,PH_CHCNL06,PH,PROCAP,CHCNL06,jesantiago,12089.44,141621.94000000006
2024-08-01,MY_MR_M010,MY,JANUXR,M010,grace.tong,12062.520000000002,33492.32
2024-08-01,TW_BIEI,TW,FORTEO,BIEI,bryang,11716.0,64595.0
2024-08-01,SG_MR_T406,SG,REFRES,T406,JTohPE,11655.1,36034.45
2024-08-01,PH_GASNATL05,PH,FAKTU,GASNATL05,amdizon,11559.06,710707.2200000015
2024-08-01,TW_BJN3,TW,MIRENA,BJN3,tacheng,11386.0,153936.0
2024-08-01,TW_BJN5,TW,MIRENA,BJN5,chrchen,11385.0,1457881.0
2024-08-01,PH_MSDGMA02,PH,HUMALO,MSDGMA02,JKEnriquez,11360.63,141334.32
2024-08-01,PH_GASNATL03,PH,FAKTU,GASNATL03,RHArgente;cjgarcia,11303.03,818058.0200000005
2024-08-01,SG_MR_T101,SG,TIGERB,T101,khinhninsu,11237.219999999998,14349.419999999998
2024-08-01,PH_MSDGMA07,PH,HUMALO,MSDGMA07,JATamba,11076.8,109008.07999999996
2024-08-01,TH_EEI,TH,JANUVI,EEI,nitchaw,11000.0,1261000.0
2024-08-01,TW_BIEB,TW,JANUVI,BIEB,shyen,10795.0,101003.0
2024-08-01,PH_DIABNL06,PH,KALIUM,DIABNL06,mvelarde,10730.525,112809.50500000003
2024-08-01,PH_DIABGMA06,PH,ROCALT,DIABGMA06,YAndres;etcruz,10684.0,199008.92000000004
2024-08-01,PH_CVISMIN04,PH,ROCALT,CVISMIN04,jmcastro,10684.0,154776.25
2024-08-01,SG_MR_E015,SG,AIMOVI,E015,cyjwong,10420.0,23328.4
2024-08-01,TH_EF8,TH,TRULIC,EF8,RatchapoomC,10304.0,80297.0
2024-08-01,TH_993,TH,GENACO,993,,10279.5,35511.0
2024-08-01,TH_662,TH,CAFERG,662,OrawanS,10183.68,176433.56
2024-08-01,PH_DIABVM09,PH,KALIUM,DIABVM09,jtalatagod,10182.25,49744.75000000001
2024-08-01,PH_CVM1VM01,PH,HUMALO,CVM1VM01,,9904.72,540271.8576000001
2024-08-01,MY_MR_E401,MY,PONTEV,E401,ckelee,9813.0,148033.0
2024-08-01,PH_ABNATL06,PH,PROLIA,ABNATL06,Vguballo,9676.0,590071.3899999999
2024-08-01,PH_APNATL01,PH,PROLIA,APNATL01,eagarcia,9676.0,1310413.2800000005
2024-08-01,TW_BU10_C3,TW,P-NEOP,BU10_C3,jlin,9667.0,276712.0
2024-08-01,MY_MR_E703,MY,KANARB,E703,siew.chen,9652.5,40508.5
2024-08-01,TH_059,TH,GLUCER,059,suwatphani,9636.0,2256818.61
2024-08-01,TH_948,TH,PENNE5,948,jintapongr,9600.0,77748.26000000001
2024-08-01,MY_MR_E802,MY,HUMALO,E802,jewoon;tamsin.tan,9507.52,89839.92000000001
2024-08-01,TW_BJN7,TW,NICOTI,BJN7,vivchiu,9288.0,149787.0
2024-08-01,MY_MR_T811,MY,MAXIGE,T811,TJChong,9202.0,14352.8
2024-08-01,PH_MSDSLGMA05,PH,HUMALO,MSDSLGMA05,ARubis;apusag,9026.26,178564.83000000002
2024-08-01,PH_CHCSL06,PH,PROCAP,CHCSL06,mmagno,8919.900000000001,122908.51010000007
2024-08-01,PH_CHCVIS07,PH,PROCAP,CHCVIS07,LDagami;jalonso,8919.900000000001,210439.92609999998
2024-08-01,TH_772,TH,DUPHAL,772,choedsakp;paitoonf,8909.5,110370.46
2024-08-01,TH_PO3,TH,SURVAN,PO3,NattanichaK;PitsineeC,8600.0,659749.0
2024-08-01,TH_EHA,TH,HUMULI,EHA,somruedeec,8519.57,28777.67
2024-08-01,TH_902,TH,ZENTEL,902,warapornt,8496.0,42687.0
2024-08-01,MY_MR_E811,MY,CIALIS,E811,sytan,8445.0,13748.43
2024-08-01,PH_CHCSEGMA05,PH,NIZORA,CHCSEGMA05,ssy,8398.26,75863.01
2024-08-01,PH_CHCSEGMA03,PH,NIZORA,CHCSEGMA03,mcaimoy,8398.26,336420.66590000014
2024-08-01,MY_MR_Z105,MY,PHYSIO,Z105,ying.zhi,8375.0,40890.0
2024-08-01,TH_EGB,TH,JANUVI,EGB,wannawatb,8250.0,61446.255000000005
2024-08-01,TW_BIAJ,TW,DIFFLA,BIAJ,ekao,8228.0,1983364.0
2024-08-01,PH_CHC4NAT03,PH,PHYSIO,CHC4NAT03,JMConcepcion,8218.76,952652.5977999996
2024-08-01,MY_MR_M023,MY,APIDRA,M023,elly.tai;janice.iu,8047.960000000001,35239.33
2024-08-01,TH_EEL,TH,TRULIC,EEL,tanwaratk,8040.0,263040.0
2024-08-01,PH_DIABNL03,PH,ROCALT,DIABNL03,JTMartin;lgarcia,8013.0,56165.990000000005
2024-08-01,PH_CHCDERM06,PH,PHYSIO,CHCDERM06,BJAlcancia,8007.95,677932.8314000004
2024-08-01,TH_EHC,TH,HUMULI,EHC,prasittichais,7859.57,12492.439999999999
2024-08-01,MY_MR_E204,MY,MAXIGE,E204,JKan,7804.93,24879.27
2024-08-01,MY_MR_M009,MY,APIDRA,M009,peltan,7714.0,11617.4
2024-08-01,PH_CNLGMA03,PH,KALIUM,CNLGMA03,Jjacinto,7704.0,345093.60000000003
2024-08-01,TH_892,TH,ENO,892,parittaporns,7682.299999999999,148281.82
2024-08-01,TH_667,TH,SAMBUC,667,kanjanak,7591.1,129055.52
2024-08-01,TW_BFS3,TW,OLMETE,BFS3,zptwph2d32,7555.0,1117655.0
2024-08-01,PH_DIABSL07,PH,ROCALT,DIABSL07,tnadal,7478.799999999999,279333.9099999999
2024-08-01,PH_MSDSLGMA02,PH,JANUXR,MSDSLGMA02,ETYu,7468.16,162173.97000000003
2024-08-01,TH_VH8,TH,ALUVIA,VH8,ratchadas;thamonwans,7420.0,17195.0
2024-08-01,MY_MR_E304,MY,ZENTEL,E304,yong.sheng,7413.52,25198.97
2024-08-01,PH_CFXNATL08,PH,BONVIV,CFXNATL08,edelosreyes,7405.1,114494.09000000001
2024-08-01,TH_EJE,TH,JANUXR,EJE,kasiraa,7166.0,25715.175
2024-08-01,MY_MR_P103,MY,MAXIGE,P103,stella.chong,7113.589999999999,22152.59
2024-08-01,PH_MSDNLGMA03,PH,HUMALO,MSDNLGMA03,AAbdulmajid;JViray,6923.0,155536.64000000004
2024-08-01,MY_MR_T807,MY,CIALIS,T807,yyleong,6861.75,16948.280000000002
2024-08-01,TH_852,TH,CALSOU,852,ChutinanT,6782.5199999999995,306952.6700000001
2024-08-01,PH_ABNATL02,PH,PROLIA,ABNATL02,Mmina,6773.200000000004,613869.4900000002
2024-08-01,PH_APNATL03,PH,PROLIA,APNATL03,Atumaneng,6773.2,305569.85200000013
2024-08-01,TW_BFN2,TW,DILATR,BFN2,ambchang,6767.0,34277.0
2024-08-01,TH_990,TH,ACTIVE,990,AchirayaT,6720.0,324740.0
2024-08-01,TH_EED,TH,TRULIC,EED,kokilar,6440.0,185720.0
2024-08-01,MY_MR_M015,MY,JANUME,M015,cheng.cheng,6384.0,55373.8
2024-08-01,SG_MR_E003,SG,JANUXR,E003,QXOChua,6354.0,15958.0
2024-08-01,PH_MSDNLGMA07,PH,HUMALO,MSDNLGMA07,CColes;IBenito,6225.0,192729.54000000004
2024-08-01,MY_MR_E9CS,MY,CYGEST,E9CS,DmCheng;lois.shitu;ptyap,6200.0,17350.0
2024-08-01,TH_905,TH,SEROXA,905,supamask,6200.0,357849.48000000004
2024-08-01,MY_MR_E503,MY,TRULIC,E503,jessica.lee,6193.0,41234.0
2024-08-01,PH_CHC5NAT07,PH,CONTRA,CHC5NAT07,BParilla,6182.96,59868.435000000005
2024-08-01,MY_MR_M016,MY,JANUVI,M016,michelle.ho,6090.0,14735.0
2024-08-01,PH_MSDVM01,PH,HUMALO,MSDVM01,kediaz,6069.38,264318.54
2024-08-01,PH_MSDNLGMA04,PH,HUMALO,MSDNLGMA04,DNBorje,6069.38,386718.09
2024-08-01,MY_MR_E902,MY,CYGEST,E902,lois.shitu,6054.67,67653.17
2024-08-01,TH_973,TH,PENNE4,973,phakavadeec,6000.0,24650.0
2024-08-01,MY_MR_E508,MY,HUMALO,E508,llhoo,5986.3,34750.3
2024-08-01,MY_MR_T202,MY,SMELLY,T202,kylie.lai;mylim;stkwan,5986.0399999999945,30768.27000000003
2024-08-01,PH_CHCVIS05,PH,PROCAP,CHCVIS05,mlozare;rpoctaviano,5946.6,83425.65000000001
2024-08-01,TH_671,TH,CAFERG,671,SupraneeK,5942.84,120639.81
2024-08-01,PH_MSDSLGMA04,PH,KALIUM,MSDSLGMA04,ASarrosa;ICorre,5913.76,30451.6
2024-08-01,PH_MSDGMA03,PH,HUMALO,MSDGMA03,MJNicasio,5913.76,264165.77
2024-08-01,PH_MSDSLGMA07,PH,HUMALO,MSDSLGMA07,HAntonio,5913.76,246227.29000000004
2024-08-01,PH_MSDVM05,PH,KALIUM,MSDVM05,mpino,5913.76,390218.5849999999
2024-08-01,SG_MR_NETH,SG,MIACAL,NETH,,5891.35,80820.88999999998
2024-08-01,SG_MR_T109,SG,TIGERB,T109,cskok,5879.459999999999,48251.92999999997
2024-08-01,SG_MR_Z2G2,SG,ALCAIN,Z2G2,GRobles;SGKMUKHTIARSINGH;XYLEE;efira.nazri;nur.asyiqin;sonrmjit.kaur;thanasanthini,5876.549999999999,8255.849999999999
2024-08-01,TH_517,TH,GLUCER,517,kiratis,5806.74,3958339.5600000015
2024-08-01,MY_MR_P13PS,MY,FORTEO,P13PS,,5792.0,20390.0
2024-08-01,TH_070,TH,LAMISI,070,sureeratt,5790.48,124296.98
2024-08-01,PH_CNLGMA07,PH,HUMALO,CNLGMA07,AJSevilla,5778.0,208273.56000000003
2024-08-01,MY_MR_T310,MY,MEDIS,T310,CCKiong;jeremy.kueh,5702.67,36519.649999999994
2024-08-01,MY_MR_E8PS,MY,CIALIS,E8PS,,5698.0,22932.4
2024-08-01,TH_912,TH,BETNOV,912,ittipholk,5696.01,443631.22999999986
2024-08-01,PH_DIABVM03,PH,XENICA,DIABVM03,EGLai,5670.0,192613.8250000002
2024-08-01,TH_900,TH,BETNON,900,RotchanaS,5644.0,62091.19999999999
2024-08-01,MY_MR_E708,MY,PHYSIO,E708,bclam,5642.47,14914.29
2024-08-01,MY_MR_E803,MY,TRULIC,E803,FarrahannisaF,5630.0,61423.75
2024-08-01,PH_CFXNATL04,PH,PANTOL,CFXNATL04,aaggabao,5609.0,1803209.0
2024-08-01,PH_CHCSEGMA01,PH,NIZORA,CHCSEGMA01,inepomuceno,5598.84,528764.3545000002
2024-08-01,PH_CHCDERM07,PH,NIZORA,CHCDERM07,mprado,5598.84,350244.26320000004
2024-08-01,PH_CHCSEGMA02,PH,NIZORA,CHCSEGMA02,jdelcarmen,5598.84,186934.3371
2024-08-01,PH_CHCDERM04,PH,NIZORA,CHCDERM04,rdiesta,5598.84,712589.2098
2024-08-01,PH_CHCNL04,PH,NIZORA,CHCNL04,vocampo,5598.84,156180.18030000004
2024-08-01,PH_CHCSL04,PH,NIZORA,CHCSL04,cdancel,5598.84,549807.6703
2024-08-01,MY_MR_E804,MY,HUMALO,E804,jewoon,5596.8,69080.14000000003
2024-08-01,PH_CHCMIN06,PH,PROCAP,CHCMIN06,sdiendo,5576.29,156857.40749999997
2024-08-01,TH_763,TH,FEMOST,763,patsudara;thanutporns,5560.700000000001,30660.7
2024-08-01,PH_CVISMIN06,PH,IMDUR,CVISMIN06,cbergado,5538.4,96212.75
2024-08-01,MY_MR_E904,MY,ZYPREX,E904,DmCheng;ptyap,5418.76,24458.760000000002
2024-08-01,PH_KLNATL03,PH,NAFLOR,KLNATL03,gmalagar,5416.88,88404.96500000001
2024-08-01,PH_CSLGMA05,PH,JANUXR,CSLGMA05,afloriza;jarodriguez,5350.08,250420.53
2024-08-01,PH_DIABSL01,PH,ROCALT,DIABSL01,tldelosreyes,5342.0,393587.61
2024-08-01,MY_MR_E406,MY,PONTEV,E406,mqelfietan,5260.0,243916.0
2024-08-01,TH_EHK,TH,HUMULI,EHK,nuchsudan,5250.0,77378.0
2024-08-01,TW_BFR3,TW,TRANSA,BFR3,jefchen,5229.0,8943.0
2024-08-01,MY_MR_E812,MY,HUMALO,E812,ryan.eng,5193.0,9264.6
2024-08-01,MY_MR_E809,MY,HUMALO,E809,yiyng,5067.0,48384.00000000001
2024-08-01,MY_MR_M024,MY,JANUME,M024,may.kang,4996.8,11506.8
2024-08-01,PH_DIABGMA02,PH,ROCALT,DIABGMA02,adfernandez;npenullar,4968.0,170645.79999999993
2024-08-01,MY_MR_E510,MY,KANARB,E510,Ehamdan;STYap;datan;jocelyn.lee;ryan.eng,4956.14,15524.439999999999
2024-08-01,TH_VH7,TH,ALUVIA,VH7,sutasineew,4950.0,374070.0
2024-08-01,MY_MR_E9PS,MY,ZYPREX,E9PS,,4930.0,57850.0
2024-08-01,PH_GASNATL04,PH,FAKTU,GASNATL04,MCLadia;RPMia;lshilario,4923.5,920205.1000000013
2024-08-01,TW_BU11_N1,TW,CORDIS,BU11_N1,nachen,4880.0,41524.0
2024-08-01,TH_922,TH,DERMOV,922,kitsanapongk,4872.0,189663.3
2024-08-01,PH_DIABNL05,PH,KALIUM,DIABNL05,esimon,4699.5,191419.69999999995
2024-08-01,TW_BU11_N3,TW,KANEKA,BU11_N3,jowu,4648.0,119010.0
2024-08-01,MY_MR_M005,MY,SOLIQU,M005,alicia.chin;stephanie.yang,4560.56,56503.54
2024-08-01,TH_884,TH,PANADO,884,priyapats,4533.08,1258582.66
2024-08-01,TH_832,TH,CAFERG,832,THMENAR-PNattapong;thmenar-nvorawan;vorawann,4455.360000000001,49539.360000000015
2024-08-01,PH_CVISMIN01,PH,PANTOL,CVISMIN01,bbelo,4428.15,541888.7300000004
2024-08-01,TW_BJE3,TW,BETADI,BJE3,mashih,4381.0,214668.0
2024-08-01,PH_CNLGMA05,PH,JANUME,CNLGMA05,cjocson,4355.66,406060.8799999999
2024-08-01,MY_MR_K010,MY,IMDUR,K010,faylim;jimleong;jlmar,4332.0,7220.0
2024-08-01,MY_MR_M002,MY,JANUME,M002,nattalie.khoo,4319.4,10966.7
2024-08-01,MY_MR_M006,MY,APIDRA,M006,bcgai,4313.200000000001,20895.2
2024-08-01,BN_MR_B102,BN,TIVICA,BNGSK1,jjlee,4230.0,85233.8
2024-08-01,MY_MR_K005,MY,CJELLY,K005,smtham,4228.0,981471.3999999996
2024-08-01,TH_894,TH,ENO,894,TawirojK;apichatt,4193.5599999999995,34858.35
2024-08-01,MY_MR_M012,MY,LANTUS,M012,beng.lee,4180.2,30195.2
2024-08-01,TH_735,TH,BELARA,735,patpiyawatp,4168.92,136742.72000000003
2024-08-01,MY_MR_M004,MY,TOUJEO,M004,alice.tai,4144.179999999999,5496.34
2024-08-01,MY_MR_E11S,MY,YULARE,E11S,cjtan;phteoh;samantha.chang,4128.0,87720.0
2024-08-01,PH_CHCVIS02,PH,PHYSIO,CHCVIS02,omanalac,4015.27,257966.04420000006
2024-08-01,MY_MR_K006,MY,VITAMI,K006,tliew,4009.33,16083.64
2024-08-01,SG_MR_T104,SG,TIGERB,T104,jokueh;xechoong,3973.4700000000007,4851.27
2024-08-01,TH_EE3,TH,JANUME,EE3,kwantac,3864.0,166894.0
2024-08-01,TH_EF2,TH,CIALIS,EF2,narongrits,3864.0,7928.0
2024-08-01,PH_CVISMIN03,PH,KALIUM,CVISMIN03,bferraren,3852.3852,101894.87730000001
2024-08-01,PH_MSDVM02,PH,IMDUR,MSDVM02,MDasig,3852.0,433708.5350000001
2024-08-01,PH_MSDGMA04,PH,JANUVI,MSDGMA04,vboniao,3852.0,390141.4
2024-08-01,PH_CVM1VM06,PH,IMDUR,CVM1VM06,JECastro,3852.0,333856.05499999993
2024-08-01,PH_MSDVM04,PH,KALIUM,MSDVM04,DLaurente,3851.8074,366745.1701
2024-08-01,TW_BICF,TW,DIFFLA,BICF,lwon,3760.0,2221290.0
2024-08-01,PH_CHC5NAT04,PH,BONVIV,CHC5NAT04,PCFabian,3702.55,140044.96
2024-08-01,PH_CHC4NAT04,PH,PROSYR,CHC4NAT04,JSMercado,3687.12,643093.5131000002
2024-08-01,SG_MR_E010,SG,GAVISC,E010,KPalani;LMtan,3638.88,29889.600000000002
2024-08-01,TH_885,TH,SENSOD,885,PiyawatP,3543.42,63106.77
2024-08-01,MY_MR_T311,MY,SELSUN,T311,long;yflian,3453.02,2962.19
2024-08-01,SG_MR_E002,SG,JANUVI,E002,aataladtad,3423.6000000000004,17999.6
2024-08-01,MY_MR_E207,MY,MAXIGE,E207,wnchong,3423.3700000000003,21189.37
2024-08-01,MY_MR_E303,MY,PANADO,E303,kirsten.sim,3278.79,44591.340000000004
2024-08-01,MY_MR_E704,MY,PHYSIO,E704,chen.xiao,3273.6,4252.1
2024-08-01,MY_MR_E705,MY,BIOCAL,E705,NaLim,3240.6,3839.8
2024-08-01,MY_MR_M025,MY,TOUJEO,M025,cherlyn.khoo,3214.7999999999997,19948.64
2024-08-01,MY_MR_T208,MY,SMELLY,T208,bwlye,3189.2300000000005,19914.919999999995
2024-08-01,MY_MR_T209,MY,SMELLY,T209,phchua,3174.54,4184.76
2024-08-01,TH_EB1,TH,CYMBAL,EB1,panompitc,3150.0,112499.0
2024-08-01,PH_DIABVM04,PH,KALIUM,DIABVM04,rgamuza,3133.0,94821.83000000005
2024-08-01,MY_MR_E807,MY,HUMALO,E807,amyth.goon,3124.08,16346.779999999995
2024-08-01,MY_MR_T212,MY,MALTOF,T212,CCKiong,3116.9,11331.93
2024-08-01,TH_887,TH,STRESS,887,Kawinthipr,3076.75,328109.7399999998
2024-08-01,MY_MR_E408,MY,PONTEV,E408,STYap;datan;gkleong;ivy.ting;kjsoong,3072.0,35431.28
2024-08-01,TH_862,TH,ENO,862,TanatphatY,3067.2700000000004,390132.8500000005
2024-08-01,PH_CHCSL05,PH,PHYSIO,CHCSL05,jbaculi,3031.64,352779.0175000001
2024-08-01,TH_EDC,TH,OLUMIA,EDC,ai-ladas,3000.0,102500.0
2024-08-01,MY_MR_E203,MY,MALTOF,E203,joel.tsia,2988.86,67773.52
2024-08-01,TH_EF6,TH,JANUVI,EF6,KamonratS,2976.0,10416.0
2024-08-01,TH_EGH,TH,JANUVI,EGH,ritthikraip,2976.0,4476.0
2024-08-01,PH_CHCVIS03,PH,PROCAP,CHCVIS03,hhudierez,2973.3,142946.9097000001
2024-08-01,PH_CNLGMA01,PH,KALIUM,CNLGMA01,jmjimenez,2956.88,284160.13
2024-08-01,TH_058,TH,GLUCER,058,KittikunP,2903.37,3490870.669999997
2024-08-01,PH_AONATL02,PH,PROLIA,AONATL02,ABulaong;etapang;madrivera,2902.8,765330.1740000008
2024-08-01,PH_AONATL01,PH,PROLIA,AONATL01,ASerafica;Gcarlos,2902.8,493465.25000000006
2024-08-01,MY_MR_P105,MY,MAXIGE,P105,danny.goh,2896.0,121684.0
2024-08-01,PH_CHC_HA,PH,PROCAP,CHC_HA,,2884.1,378371.44
2024-08-01,TH_505,TH,NEPRO,505,ThamonnatS,2856.96,1846.98
2024-08-01,MY_MR_T301,MY,SURBEX,T301,samuel.kan,2851.15,3003.65
2024-08-01,MY_MR_E813,MY,TRULIC,E813,cindy.kho,2815.0,5023.7
2024-08-01,TH_EO2,TH,PROZAC,EO2,NidsanardP,2800.0,77000.0
2024-08-01,PH_CHCNWGMA07,PH,NIZORA,CHCNWGMA07,MArtita,2799.42,189808.90730000008
2024-08-01,PH_CHCDERM01,PH,NIZORA,CHCDERM01,MACelestino;ltampus,2799.42,119781.55000000008
2024-08-01,PH_CHCMIN04,PH,NIZORA,CHCMIN04,jdiga,2799.42,300138.58790000016
2024-08-01,PH_CFXNATL05,PH,NIZORA,CFXNATL05,lsaracanlao,2799.42,154841.7036
2024-08-01,PH_CHCVIS04,PH,NIZORA,CHCVIS04,mguy,2799.42,90031.35
2024-08-01,PH_CHCNWGMA05,PH,NIZORA,CHCNWGMA05,ambongalon,2799.42,214108.57580000002
2024-08-01,PH_CHCSL08,PH,PHYSIO,CHCSL08,cllorca,2788.0,100629.72000000004
2024-08-01,PH_MSDNLGMA05,PH,HUMALO,MSDNLGMA05,NOlaguer,2769.2,225233.03
2024-08-01,PH_CNLGMA06,PH,IMDUR,CNLGMA06,tcastro,2769.2,121464.03
2024-08-01,PH_MSDNLGMA06,PH,HUMALO,MSDNLGMA06,RLafrades,2769.2,66856.54
2024-08-01,TW_BIDA,TW,JANUVI,BIDA,erchen,2765.0,117646.0
2024-08-01,TW_BAK1,TW,BETADI,BAK1,zawu,2717.0,798723.0
2024-08-01,MY_MR_E403,MY,PONTEV,E403,SLChua;yoon.ling,2644.0,714256.0
2024-08-01,MY_MR_T407,MY,BEPANT,T407,walkam,2642.09,12402.020000000002
2024-08-01,TH_EB7,TH,URGOCE,EB7,wannarekhab,2640.0,211033.0
2024-08-01,TH_EB3,TH,CYMBAL,EB3,natenapaa,2625.0,489025.0
2024-08-01,MY_MR_E806,MY,TRULIC,E806,vtan,2624.56,3623.6
2024-08-01,MY_MR_Z106,MY,OLUMIA,Z106,keplee,2607.85,26078.5
2024-08-01,PH_CHCNL03,PH,PROCAP,CHCNL03,kmabutol,2602.99,73666.28
2024-08-01,TH_976,TH,NEEDLE,976,mantanas,2600.0,570268.0
2024-08-01,TH_EEK,TH,TRULIC,EEK,panisarao,2576.0,12656.0
2024-08-01,MY_MR_M013,MY,APIDRA,M013,amy.cheah,2542.4,73602.37999999999
2024-08-01,PH_DIABSL04,PH,ROCALT,DIABSL04,KRecuerdo;ranterola,2484.0,47290.92000000001
2024-08-01,PH_DIABGMA05,PH,ROCALT,DIABGMA05,fdcreencia;kmejia,2484.0,190887.41
2024-08-01,BN_MR_B101,BN,IMIGRA,BNGSK2,cfyong,2460.0,31467.8
2024-08-01,PH_CNLGMA04,PH,HUMALO,CNLGMA04,mmatsuda,2447.2,81548.7
2024-08-01,TH_EC8,TH,URGOCE,EC8,thannapath,2420.0,8712.0
2024-08-01,TH_EJG,TH,JANUVI,EJG,tawichaporns,2400.0,21000.0
2024-08-01,PH_MSDSLGMA03,PH,JANUXR,MSDSLGMA03,MSolana;TJDeGuzman,2388.75,57014.42
2024-08-01,MY_MR_E307,MY,PANADO,E307,vincent.koh,2386.0999999999995,32309.899999999998
2024-08-01,TW_BFR1,TW,CRAVIT,BFR1,,2365.0,710935.0
2024-08-01,MY_MR_T304,MY,SURBEX,T304,qylim,2300.69,42155.75000000001
2024-08-01,PH_MSDGMA06,PH,KALIUM,MSDGMA06,KBaena,2237.58,119167.1
2024-08-01,TH_974,TH,BLOODP,974,nongluckt,2224.3,19174.3
2024-08-01,SG_MR_E009,SG,BETADI,E009,MTANHF,2223.2200000000003,27047.520000000004
2024-08-01,TW_BFS1,TW,OLMETE,BFS1,minlee,2212.0,686008.0
2024-08-01,MY_MR_T413,MY,CLARIN,T413,Mkong,2167.2,125519.2
2024-08-01,MY_MR_M007,MY,JANUME,M007,elly.tai,2134.3199999999997,14813.940000000004
2024-08-01,MY_MR_E905,MY,CYGEST,E905,DmCheng,2120.2,24044.2
2024-08-01,SG_MR_E005,SG,JANUVI,E005,AWQTan;AYQKhong;JLHoon,2112.3199999999997,19488.32
2024-08-01,PH_MSDGMA05,PH,JANUXR,MSDGMA05,CMagana,2105.6,43593.94999999999
2024-08-01,TH_EGJ,TH,HUMALO,EGJ,suchadal,2100.0,1554336.0
2024-08-01,TH_929,TH,AUGMEN,929,natthikarns,2100.0,238311.21
2024-08-01,MY_MR_E903,MY,CYGEST,E903,ptyap,2000.08,24680.08
2024-08-01,PH_CHC4NAT02,PH,PHYSIO,CHC4NAT02,JKGiron,1973.46,209958.92380000008
2024-08-01,MY_MR_T812,MY,KETOTO,T812,yee.theng,1952.0,19321.54
2024-08-01,MY_MR_E702,MY,VERRUM,E702,skyeap,1946.0,12253.35
2024-08-01,PH_MSDGMA01,PH,KALIUM,MSDGMA01,RLArellano,1926.0,54708.609999999986
2024-08-01,PH_MSDSLGMA06,PH,HUMALO,MSDSLGMA06,MNDeGuzman,1926.0,249435.48999999996
2024-08-01,PH_CNLGMA08,PH,IMDUR,CNLGMA08,JMLibo-on,1926.0,124452.17999999998
2024-08-01,PH_MSDVM03,PH,KALIUM,MSDVM03,JLKang,1925.8074,125347.5001
2024-08-01,MY_MR_T801,MY,CIALIS,T801,rctan,1888.32,9648.69
2024-08-01,PH_CHCSEGMA07,PH,PROSYR,CHCSEGMA07,AQAntonio;hdaquioag,1843.56,429171.28610000014
2024-08-01,SG_MR_T201,SG,KWANLO,T201,SLLIM,1808.64,12230.49
2024-08-01,MY_MR_E301,MY,ZENTEL,E301,YFVoon,1793.1,4329.6
2024-08-01,MY_MR_T404,MY,CANEST,T404,eu.gene,1767.0000000000002,30083.800000000003
2024-08-01,TH_972,TH,NORMET,972,AuyarinK,1750.0,28930.0
2024-08-01,MY_MR_E901,MY,CYGEST,E901,wei.jia,1739.52,54160.02
2024-08-01,MY_MR_P101,MY,MAXIGE,P101,alvin.poh,1680.44,162403.44
2024-08-01,PH_CHC5NAT03,PH,NAFLOR,CHC5NAT03,WRWakefield,1645.58,132480.64000000004
2024-08-01,MY_MR_E3PS,MY,PANADO,E3PS,,1640.0,58296.0
2024-08-01,PH_CHCVIS01,PH,PHYSIO,CHCVIS01,mgalido,1608.0,245628.52559999988
2024-08-01,PH_DIABVM05,PH,KALIUM,DIABVM05,mblancaflor,1566.5,93051.0
2024-08-01,PH_MWH_HA,PH,CONTRA,MWH_HA,,1563.3,221148.85999999996
2024-08-01,SG_MR_E001,SG,JANUVI,E001,spslim,1558.48,21274.48
2024-08-01,MY_MR_E908,MY,ZYPREX,E908,mylau,1512.0,55892.649999999994
2024-08-01,TH_511,TH,ENSURE,511,AomrithaiC,1509.4300000000003,158858.72
2024-08-01,PH_DIABSL06,PH,KALIUM,DIABSL06,MAFlores,1488.175,94034.97500000002
2024-08-01,SG_MR_E004,SG,JANUXR,E004,NCYChng,1470.0,2451.18
2024-08-01,MY_MR_E302,MY,PANADO,E302,nurul.diyana,1461.36,4828.42
2024-08-01,MY_MR_E305,MY,VOLTAR,E305,mtwong,1451.9,14465.3
2024-08-01,MY_MR_E205,MY,MALTOF,E205,chytan,1438.78,10888.630000000001
2024-08-01,TH_507,TH,NEPRO,507,rungsirin,1428.48,1090701.66
2024-08-01,MY_MR_E907,MY,FERINJ,E907,jacinta.lee,1424.4,49178.549999999996
2024-08-01,TH_768,TH,SURBET,768,kittipongs;sirimonj,1330.0,4986.0
2024-08-01,MY_MR_T808,MY,KETOTO,T808,SeanDS,1330.0,16996.96
2024-08-01,TH_516,TH,ENSURE,516,PatcharaponN,1329.2600000000002,426132.7799999999
2024-08-01,SG_MR_T402,SG,NEUROG,T402,wqsee,1306.1999999999998,2547.2799999999997
2024-08-01,TH_EEO,TH,JANUME,EEO,russiap,1288.0,88288.0
2024-08-01,TH_660,TH,CAFERG,660,SararatK,1272.96,121776.36
2024-08-01,PH_CHCDERM03,PH,PROSYR,CHCDERM03,MALagman;mnebres,1229.04,181219.27700000006
2024-08-01,MY_MR_T805,MY,KETOTO,T805,eltan,1197.0,2950.0
2024-08-01,MY_MR_E202,MY,MAXIGE,E202,justin.goo,1192.87,48089.87
2024-08-01,TH_924,TH,IMIGRA,924,aekkawitp,1185.0,150875.97
2024-08-01,MY_MR_E201,MY,BEPANT,E201,jeanne.teong,1128.87,1600.4699999999998
2024-08-01,MY_MR_T813,MY,CIALIS,T813,WHoo,1061.87,-836.8500000000001
2024-08-01,TH_EJI,TH,JANUXR,EJI,pattanakorns,1050.0,19390.0
2024-08-01,MY_MR_E709,MY,HUMALO,E709,eekhaw;kjsoong,1011.25,14103.25
2024-08-01,MY_MR_M027,MY,APIDRA,M027,eva.poh,1009.8,9093.56
2024-08-01,TH_VH4,TH,MERONE,VH4,,1000.0,16350.0
2024-08-01,PH_CHCSL01,PH,PROSYR,CHCSL01,scaranay,969.54,282650.9395
2024-08-01,TW_BFC4,TW,MEVALO,BFC4,ikuo,932.0,657005.0
2024-08-01,MY_MR_M020,MY,LANTUS,M020,wen.fei,931.0,35825.91
2024-08-01,MY_MR_E706,MY,KANARB,E706,tdooi,930.0,3532.7999999999997
2024-08-01,PH_DIABNL01,PH,XENICA,DIABNL01,dcarlin,926.1,84372.24000000003
2024-08-01,PH_CVM2_HA,PH,XENICA,CVM2_HA,,926.1,29426.59
2024-08-01,PH_DIABVM01,PH,XENICA,DIABVM01,rgo,926.1,72611.20000000003
2024-08-01,MY_MR_T409,MY,BEROCC,T409,XYTan,907.0,5012.68
2024-08-01,PH_CHC5NAT02,PH,BONVIV,CHC5NAT02,MKPasay,900.0,304086.56999999995
2024-08-01,MY_MR_T412,MY,CLARIN,T412,jayson.ay,808.5,7464.6
2024-08-01,MY_MR_E306,MY,PANADO,E306,muhamad.azran,788.5400000000001,4838.96
2024-08-01,MY_MR_M019,MY,APIDRA,M019,mei.zhi,758.8,2318.3199999999997
2024-08-01,MY_MR_M026,MY,JANUVI,M026,buddy.jiliun,745.8900000000001,745.8900000000001
2024-08-01,MY_MR_T210,MY,MALTOF,T210,WHoo;cpho;lee.ching;yee.theng,716.56,6065.0
2024-08-01,MY_MR_E906,MY,CYGEST,E906,wypung,708.1,49728.0
2024-08-01,MY_MR_T810,MY,KETOTO,T810,alkwyap,686.5999999999999,29504.24
2024-08-01,TH_971,TH,MINIDI,971,PrasitP,672.0,166093.92999999996
2024-08-01,SG_MR_T202,SG,BETADI,T202,JTAN;sphtan,663.23,7687.640000000001
2024-08-01,PH_CHCMIN01,PH,PHYSIO,CHCMIN01,jaburgos,657.82,323991.5515000001
2024-08-01,MY_MR_E707,MY,BIOCAL,E707,SrHo,600.8,8604.449999999999
2024-08-01,MY_MR_E509,MY,HUMALO,E509,wei.peng,587.0,42291.0
2024-08-01,MY_MR_E310,MY,CALTRA,E310,kent.lim;vivian.lee,584.56,16086.629999999997
2024-08-01,PH_CHCNWGMA04,PH,PROSYR,CHCNWGMA04,sdelosreyes,583.79,358397.8237999999
2024-08-01,MY_MR_E805,MY,TRULIC,E805,,563.0,4612.079999999999
2024-08-01,PH_MWH303,PH,CONTRA,MWH303,JTagacanao,540.0,106995.14
2024-08-01,MY_MR_E701,MY,IMDUR,E701,ssong,519.4,8358.3
2024-08-01,MY_MR_T205,MY,LOTION,T205,MWKow,516.13,20314.670000000006
2024-08-01,SG_MR_T301,SG,SYSTAN,T301,AATHAN,510.2,1613.92
2024-08-01,MY_MR_E501,MY,HUMALO,E501,alvin.chee,509.7,8912.7
2024-08-01,MY_MR_T305,MY,CETAPH,T305,allow,475.87,644.0699999999999
2024-08-01,MY_MR_M018,MY,JANUVI,M018,yi.shan,453.6,4082.4000000000005
2024-08-01,MY_MR_E506,MY,CIALIS,E506,bibiana.chee,440.15,19540.15
2024-08-01,PH_KLNATL04,PH,CIALIS,KLNATL04,rambat,414.0,141425.21000000008
2024-08-01,SG_MR_E016,SG,LUCONA,E016,HYLChia,400.0,7459.98
2024-08-01,MY_MR_M014,MY,JANUME,M014,lee.chen,399.0,399.0
2024-08-01,MY_MR_T203,MY,JOHNSO,T203,axlee,364.89,696.0899999999999
2024-08-01,PH_KLNATL08,PH,CONTRA,KLNATL08,mgisala,342.0,341355.60000000003
2024-08-01,MY_MR_T204,MY,TOTALI,T204,vklee,334.88,2634.1800000000003
2024-08-01,SG_MR_E008,SG,CARDIP,E008,CSOW,328.05,2472.55
2024-08-01,MY_MR_E7PS,MY,KETOTO,E7PS,,322.4,1450.8000000000002
2024-08-01,MY_MR_T206,MY,VITAMI,T206,lssee,307.2,49609.009999999995
2024-08-01,PH_CHCSL03,PH,PROSYR,CHCSL03,nsales,307.02,145098.6293
2024-08-01,MY_MR_E409,MY,CYMBAL,E409,CYChoo;STYap;datan;gkleong;kjsoong,302.82,1190.82
2024-08-01,MY_MR_P106,MY,MAXIGE,P106,mei.fung,293.59,189033.59
2024-08-01,SG_MR_TLS1,SG,DECOLG,TLS1,GRobles;SGKMUKHTIARSINGH;XYLEE;anita.manoharan;ckwyap;efira.nazri;sonrmjit.kaur;thanasanthini;wlwee,276.2,10230.35
2024-08-01,MY_MR_E308,MY,FLIXON,E308,lmlau,269.22,3951.92
2024-08-01,MY_MR_M011,MY,TOUJEO,M011,michelle.teh,236.52,5693.56
2024-08-01,MY_MR_E502,MY,HUMALO,E502,rachael.lu,210.2,1909.2
2024-08-01,MY_MR_P104,MY,MAXIGE,P104,ctlee,208.9,75504.9
2024-08-01,MY_MR_T201,MY,PH5.5,T201,kylie.lai,198.84,22714.499999999985
2024-08-01,MY_MR_P102,MY,MAXIGE,P102,tankh,193.7,89969.7
2024-08-01,MY_MR_K001,MY,CIALIS,K001,faylim;jimleong;jlmar;tyong,173.6,30667.010000000002
2024-08-01,MY_MR_Z107,MY,TALTZ,Z107,shlou,165.64,78426.64
2024-08-01,MY_MR_T406,MY,CLARIN,T406,SMYee,120.96,1198.32
2024-08-01,MY_MR_E505,MY,HUMALO,E505,weng.fatt,97.8,61288.8
2024-08-01,MY_MR_E710,MY,PERSKI,E710,STYap;datan;kjsoong;lee.nah,84.72,39702.72
2024-08-01,MY_MR_T308,MY,SURBEX,T308,MayTan,84.62,96032.73000000004
2024-08-01,PH_DIABSL02,PH,KALIUM,DIABSL02,MGTrasmonte;SRubenecia,78.32500000000005,66887.47499999999
2024-08-01,MY_MR_T211,MY,MALTOF,T211,christeen.chow;cpho;yunn.yeu,47.61,1394.0300000000002
2024-08-01,SG_MR_T106,SG,CATION,T106,PLIMBW,19.95,12608.489999999996
2024-08-01,TH_EF1,TH,TRULIC,EF1,pajarees,0.0,72569.0
2024-08-01,TW_BBS7,TW,ZZZAAA,BBS7,michtsai,0.0,334312.0
2024-08-01,MY_MR_M021,MY,JANUVI,M021,buddy.jiliun;mei.tez,0.0,7980.0
2024-08-01,TW_BAW2,TW,XENICA,BAW2,wilwu,0.0,3664.0
2024-08-01,ID_MR_MRPTVM01,ID,TWY,MRPTVM01,tmramadany,0.0,86997666.0
2024-08-01,PH_AONATL03,PH,PROLIA,AONATL03,Mzablan,0.0,1546308.9479999992
2024-08-01,SG_MR_NTRD,SG,NAPHCO,NTRD,,0.0,3500.54
2024-08-01,TH_861,TH,SCOTTS,861,MontriA;kullawanm,-78.36000000000001,190062.24000000002
2024-08-01,TH_391,TH,PANAMI,391,NopphasakS,-170.62,126229.38
2024-08-01,MY_MR_T306,MY,NATOPH,T306,jia.yie,-182.1,35226.4
2024-08-01,MY_MR_T207,MY,VITAMI,T207,ljchin,-266.45000000000016,18997.45
2024-08-01,TH_766,TH,KLACID,766,jiranthaninc,-346.0,23804.0
2024-08-01,MY_MR_T405,MY,BEPANT,T405,YFLau,-540.0,-322.91999999999996
2024-08-01,MY_MR_T307,MY,BABY,T307,etwong,-656.0,6926.0
2024-08-01,SG_MR_ZZ2,SG,SYSTAN,ZZ2,,-816.24,4360.0199999999995
2024-08-01,MY_MR_T408,MY,CLARIN,T408,OYeo,-844.16,3624.040000000001
2024-08-01,TH_764,TH,DUPHAP,764,kulthidai;thitimao,-1167.0,129314.0
2024-08-01,PH_CSLGMA02,PH,HUMALO,CSLGMA02,aancheta,-1384.6,245549.91
2024-08-01,PH_CFXNATL01,PH,CONTRA,CFXNATL01,mbaurile,-1553.61,67926.59000000001
2024-08-01,PH_CSLGMA03,PH,IMDUR,CSLGMA03,rgaquino,-1926.0,305298.0300000001
2024-08-01,TH_056,TH,NEPRO,056,thonnarinh,-2124.54,2118177.6199999987
2024-08-01,TH_504,TH,GLUCER,504,natareeyas,-3364.8599999999997,307198.37999999995
2024-08-01,TH_765,TH,ISOPTI,765,thidarint,-3578.16,203768.09
2024-08-01,MY_MR_T802,MY,KETOTO,T802,stkwan,-3603.24,76329.76
2024-08-01,PH_DIABNL07,PH,TRULIC,DIABNL07,iangeles,-5192.96,172256.54
2024-08-01,TH_855,TH,CENTRU,855,JindaratV,-7068.320000000001,520592.50999999995
2024-08-01,PH_CHCSEGMA06,PH,PHYSIO,CHCSEGMA06,mrvelasco;ramistad,-9915.1,1130973.372799999
2024-08-01,PH_HAKNATL,PH,HAKUBI,HAKNATL,,-19943.17,147558.83999999997
2024-08-01,TH_943,TH,OLMETE,943,padtheeraw,-28272.31,187709.14
2024-08-01,PH_DIABSL05,PH,DIAMAX,DIABSL05,MVenerayan;jfreyes,-44996.86,38249.779999999984
2024-08-01,TH_501,TH,ENSURE,501,arreeporns;thanasitr,-45545.74000000018,13114268.690000001
2024-08-01,TH_052,TH,ENSURE,052,somrudees,-141075.72,3743419.27
2024-08-01,PH_CSLGMA04,PH,HUMALO,CSLGMA04,lbelvis,-149400.0,-45843.5
2024-08-01,ID_MR_MRSMAB01,ID,SVF,MRSMAB01,bmpurnomo,-752508.0,42949592.0
2024-08-01,ID_MR_MRJKCM1XX,ID,APR,MRJKCM1XX,,-985864.4,48317452.199999996
2024-08-01,TH_508,TH,ENSURE,508,thabt-tweerasak,-1997675.3900000004,-1073213.47
2024-08-01,ID_MR_MRMDD101,ID,JAM,MRMDD101,rmuhammad,-2168285.0,33766094.0
2024-08-01,ID_MR_MRMLCRX1,ID,GLX,MRMLCRX1,,-2392390.0,515703007.5
2024-08-01,ID_MR_MRBTCKX01,ID,TEA,MRBTCKX01,aozega,-3325634.0,511100430.0
2024-08-01,ID_MR_MRTMRE01,ID,SPV,MRTMRE01,adlhakim,-5824648.0,42850149.8
2024-08-01,ID_MR_MRMDJA01,ID,ULT,MRMDJA01,paputro,-6272868.0,55931936.0
2024-08-01,ID_MR_MRSBNS01,ID,VLY,MRSBNS01,handreas,-9637680.0,48048646.0
2024-08-01,ID_MR_MRBKABX1,ID,ADA,MRBKABX1,,-14300000.0,121550000.0
2024-08-01,ID_MR_MRBDME02,ID,JAR,MRBDME02,irwsetiawan,-15425626.0,312285344.4
2024-08-01,ID_MR_MRJKCV10,ID,GLX,MRJKCV10,arosadi,-40996931.0,3275452.0
2024-08-01,ID_MR_MRTANSX2,ID,CIA,MRTANSX2,,-105519746.0,2847280746.0
2024-08-01,BN_MR_B201,BN,CIALIS,BNLIL1,sharon.sim,,33077.24
2024-08-01,ID_MR_MRBDCRX1,ID,SPP,MRBDCRX1,,,39132620.0
2024-08-01,ID_MR_MRDPAL01,ID,BTX,MRDPAL01,esetyorini,,138393468.0
2024-08-01,ID_MR_MRJKAL05,ID,BTX,MRJKAL05,lamaliah,,764341823.0
2024-08-01,ID_MR_MRJKAL09,ID,ACC,MRJKAL09,lojsaleh,,1275474620.0
2024-08-01,ID_MR_MRJKJAXX,ID,ULT,MRJKJAXX,,,502054271.0
2024-08-01,ID_MR_MRJKOF01,ID,OFE,MRJKOF01,rridhatama,,257334650.24
2024-08-01,ID_MR_MRJKREX1,ID,BER,MRJKREX1,,,0.0
2024-08-01,ID_MR_MRJKVMX4,ID,JAR,MRJKVMX4,,,0.0
2024-08-01,ID_MR_MRMDCRX1,ID,TWY,MRMDCRX1,,,0.0
2024-08-01,ID_MR_MRMKCRX1,ID,GLX,MRMKCRX1,,,32203477.0
2024-08-01,ID_MR_MRSBAL01,ID,BTX,MRSBAL01,eysilalahi,,376176946.0
2024-08-01,ID_MR_MRSBGW1XX,ID,XNC,MRSBGW1XX,,,1525962.5
2024-08-01,ID_MR_MRSMAL01,ID,JVM,MRSMAL01,,,0.0
2024-08-01,ID_MR_MRSMCRX1,ID,TWY,MRSMCRX1,,,58381276.0
2024-08-01,ID_MR_MRSOCRX1,ID,TRJ,MRSOCRX1,,,111050081.0
2024-08-01,ID_MR_MRTANSX1,ID,CIA,MRTANSX1,,,641177829.0
2024-08-01,MY_MR_K003,MY,PHYSIO,K003,kthu,,0.0
2024-08-01,MY_MR_K008,MY,PHYSIO,K008,,,0.0
2024-08-01,MY_MR_K009,MY,PHYSIO,K009,,,256.08
2024-08-01,MY_MR_M028,MY,TOUJEO,M028,ming.yin,,129730.05
2024-08-01,MY_MR_M029,MY,LANTUS,M029,cheng.wei,,144144.5
2024-08-01,PH_CFXNATL06,PH,CONTRA,CFXNATL06,vparas,,214463.83999999997
2024-08-01,PH_CHC5NAT05,PH,NAFLOR,CHC5NAT05,VFabilona,,294429.0900000001
2024-08-01,PH_CHC5NAT06,PH,BONVIV,CHC5NAT06,KABuerom;rbontuyan,,170838.6
2024-08-01,PH_IMMU01,PH,OLUMIA,IMMU01,bbergantin,,303565.65
2024-08-01,PH_IMMU03,PH,FORTEO,IMMU03,jfabros,,571899.7400000001
2024-08-01,PH_IMMU04,PH,TALTZ,IMMU04,msinon,,720094.57
2024-08-01,PH_IMMU05,PH,FORTEO,IMMU05,mlagadon,,789270.73
2024-08-01,PH_IMMU06,PH,FORTEO,IMMU06,jalfon,,546418.21
2024-08-01,PH_IMMU07,PH,TALTZ,IMMU07,vrnaldoza,,80950.84
2024-08-01,PH_KLNATL02,PH,NAFLOR,KLNATL02,DLeyco;mldevilla,,275696.26000000007
2024-08-01,PH_KLNATL06,PH,CONTRA,KLNATL06,amcariaso,,182200.9
2024-08-01,PH_KLNATL09,PH,BONVIV,KLNATL09,mgvelasco,,292663.17999999993
2024-08-01,PH_ONCONATL01,PH,ALIMTA,ONCONATL01,SJelianggao;jjereza,,1762688.6999999993
2024-08-01,PH_ONCONATL04,PH,CYRAMZ,ONCONATL04,KRomulo;SCRamirez,,351082.48
2024-08-01,PH_ONCONATL06,PH,YULARE,ONCONATL06,dralcantara,,839461.6599999999
2024-08-01,SG_MR_T10S,SG,SANTEN,T10S,BTeo;KLEONG;PLIMBW;cskok;jokueh;khinhninsu;xechoong,,0.0
2024-08-01,SG_MR_T20S,SG,HAWPAR,T20S,ITEOW;JTAN;SLLIM,,0.0
2024-08-01,SG_MR_T30S,SG,ALCON,T30S,AATHAN;Cku;lleejf,,0.0
2024-08-01,SG_MR_T40S,SG,CONCOR,T40S,JJIANGCC;JTohPE;wqsee,,0.0
2024-08-01,TH_EE7,TH,CIALIS,EE7,sutatips,,2100000.0
2024-08-01,TH_EEE,TH,TRULIC,EEE,,,120000.0
2024-08-01,TH_EER,TH,TRULIC,EER,rungrojp,,531000.0
2024-08-01,TW_BAW1,TW,,BAW1,miclin,,365379.0
2024-08-01,TW_BJAD,TW,,BJAD,prwang,,0.0
2024-08-01,TW_BJB0,TW,,BJB0,jechiu,,0.0
2024-08-01,TW_BJX5,TW,,BJX5,,,0.0
