Country,SalesRep_Code,UserKey_4Map
ID,MRBDDP01,ID_MR_MRBDDP01
ID,MRBDDP02,ID_MR_MRBDDP02
ID,MRDPALZ1,ID_MR_MRDPALZ1
ID,MRDPJA01,ID_MR_MRDPJA01
ID,MRJKDP03,ID_MR_MRJKDP03
ID,MRJKDP04,ID_MR_MRJKDP04
ID,MRJKJA05,ID_MR_MRJKJA05
ID,MRSBCKX01,ID_MR_MRSBCKX01
ID,MRSBAL02,ID_MR_MRSBAL02
ID,MRBGDP01,ID_MR_MRBGDP01
ID,MRJKAB02,ID_MR_MRJKAB02
ID,MRJKDP01,ID_MR_MRJKDP01
ID,MRJKDP05,ID_MR_MRJKDP05
ID,MRMKDP01,ID_MR_MRMKDP01
ID,MRYOJA01,ID_MR_MRYOJA01
ID,MRBTCKX01,ID_MR_MRBTCKX01
ID,MRPJKAB01,ID_MR_MRPJKAB01
ID,MRSBCM1XX,ID_MR_MRSBCM1XX
ID,MRJKALZ1,ID_MR_MRJKALZ1
ID,MRJKJA04,ID_MR_MRJKJA04
ID,MRSBDP01,ID_MR_MRSBDP01
ID,MRJKPCX1,ID_MR_MRJKPCX1
ID,MRJKRX02,ID_MR_MRJKRX02
ID,MRMDJA01,ID_MR_MRMDJA01
ID,MRJKRX03,ID_MR_MRJKRX03
ID,MRPBDP01,ID_MR_MRPBDP01
ID,MRTGDP01,ID_MR_MRTGDP01
ID,MRYOAL01,ID_MR_MRYOAL01
ID,MRJKPCX2,ID_MR_MRJKPCX2
ID,MRJKDP02,ID_MR_MRJKDP02
ID,MRSBJA02,ID_MR_MRSBJA02
ID,MRMLDP01,ID_MR_MRMLDP01
ID,MRJKCY02,ID_MR_MRJKCY02
ID,MRJKAL08,ID_MR_MRJKAL08
ID,MRSMDP01,ID_MR_MRSMDP01
ID,MRPKCKX01,ID_MR_MRPKCKX01
ID,MRSBJAXX,ID_MR_MRSBJAXX
ID,MRJKCY01,ID_MR_MRJKCY01
ID,MRTGCKX03,ID_MR_MRTGCKX03
ID,MRJKCM1XX,ID_MR_MRJKCM1XX
ID,MRMKCKX01,ID_MR_MRMKCKX01
ID,MRJKCV18,ID_MR_MRJKCV18
ID,MRMDRE01,ID_MR_MRMDRE01
ID,MRJKCV11,ID_MR_MRJKCV11
ID,MRJKVMX1,ID_MR_MRJKVMX1
ID,MRSBNK03,ID_MR_MRSBNK03
ID,MRSKBME36,ID_MR_MRSKBME36
ID,MRYORE02,ID_MR_MRYORE02
ID,MRJKRE08,ID_MR_MRJKRE08
ID,MRPTRE01,ID_MR_MRPTRE01
ID,MRBDRE03,ID_MR_MRBDRE03
ID,MRSBAL01,ID_MR_MRSBAL01
ID,MRJKAB03,ID_MR_MRJKAB03
ID,MRSDCKX01,ID_MR_MRSDCKX01
ID,MRYOAB01,ID_MR_MRYOAB01
ID,MRSMJA01,ID_MR_MRSMJA01
ID,MRJKAL04,ID_MR_MRJKAL04
ID,MRMDAL01,ID_MR_MRMDAL01
ID,MRJKDP06,ID_MR_MRJKDP06
ID,MRYODP01,ID_MR_MRYODP01
ID,MRBDRX01,ID_MR_MRBDRX01
ID,MRSMRX01,ID_MR_MRSMRX01
ID,MRDPCKX01,ID_MR_MRDPCKX01
ID,MRDPAL02,ID_MR_MRDPAL02
ID,MRJKOL06,ID_MR_MRJKOL06
ID,MRJKJA03,ID_MR_MRJKJA03
ID,MRBDJA01,ID_MR_MRBDJA01
ID,MRSBRX01,ID_MR_MRSBRX01
ID,MRJKDP07,ID_MR_MRJKDP07
ID,MRPBAB01,ID_MR_MRPBAB01
ID,MRMDCKX02,ID_MR_MRMDCKX02
ID,MRSBJA01,ID_MR_MRSBJA01
ID,MRMLAB01,ID_MR_MRMLAB01
ID,MRBKAB01,ID_MR_MRBKAB01
ID,MRDPAB01,ID_MR_MRDPAB01
ID,MRTGAB01,ID_MR_MRTGAB01
ID,MRJKRX01,ID_MR_MRJKRX01
ID,MRJKNS02,ID_MR_MRJKNS02
ID,MRJKOB01,ID_MR_MRJKOB01
ID,MRJKD113,ID_MR_MRJKD113
ID,MRBDDC03,ID_MR_MRBDDC03
ID,MRMDD101,ID_MR_MRMDD101
ID,MRJKNS01,ID_MR_MRJKNS01
ID,MRBGDC02,ID_MR_MRBGDC02
ID,MRDPNS01,ID_MR_MRDPNS01
ID,MRMDD201,ID_MR_MRMDD201
ID,MRJKOB05,ID_MR_MRJKOB05
ID,MRSBNS01,ID_MR_MRSBNS01
ID,MRJKD105,ID_MR_MRJKD105
ID,MRSOD201,ID_MR_MRSOD201
ID,MRJKNS07,ID_MR_MRJKNS07
ID,MRDPD202,ID_MR_MRDPD202
ID,MRSMOB01,ID_MR_MRSMOB01
ID,MRYONS01,ID_MR_MRYONS01
ID,MRJKD108,ID_MR_MRJKD108
ID,MRJKNS03,ID_MR_MRJKNS03
ID,MRJKD114,ID_MR_MRJKD114
ID,MRJKNS05,ID_MR_MRJKNS05
ID,MRSMNS01,ID_MR_MRSMNS01
ID,MRSMDC02,ID_MR_MRSMDC02
ID,MRBDDC02,ID_MR_MRBDDC02
ID,MRPTDC01,ID_MR_MRPTDC01
ID,MRYOD202,ID_MR_MRYOD202
ID,MRDPNS02,ID_MR_MRDPNS02
ID,MRDPD201,ID_MR_MRDPD201
ID,MRSMDC01,ID_MR_MRSMDC01
ID,MRYOD201,ID_MR_MRYOD201
ID,MRSBD102,ID_MR_MRSBD102
ID,MRTGD204,ID_MR_MRTGD204
ID,MRBADC02,ID_MR_MRBADC02
ID,MRMDDC01,ID_MR_MRMDDC01
ID,MRJKD103,ID_MR_MRJKD103
ID,MRYOOL01,ID_MR_MRYOOL01
ID,MRJKD115,ID_MR_MRJKD115
ID,MRSMDC03,ID_MR_MRSMDC03
ID,MRSBNS02,ID_MR_MRSBNS02
ID,MRBDOL01,ID_MR_MRBDOL01
ID,MRPDDC01,ID_MR_MRPDDC01
ID,MRJKJA01,ID_MR_MRJKJA01
ID,MRTANSX2,ID_MR_MRTANSX2
ID,MRTLDC01,ID_MR_MRTLDC01
ID,MRJKNS06,ID_MR_MRJKNS06
ID,MRBDNS01,ID_MR_MRBDNS01
ID,MRPWDC01,ID_MR_MRPWDC01
ID,MRMLD202,ID_MR_MRMLD202
ID,MRJKD203,ID_MR_MRJKD203
ID,MRMKD101,ID_MR_MRMKD101
ID,MRSBD202,ID_MR_MRSBD202
ID,MRMDD202,ID_MR_MRMDD202
ID,MRMAD201,ID_MR_MRMAD201
ID,MRPBDC02,ID_MR_MRPBDC02
ID,MRPKDC02,ID_MR_MRPKDC02
ID,MRJKD102,ID_MR_MRJKD102
ID,MRMKD201,ID_MR_MRMKD201
ID,MRPBDC01,ID_MR_MRPBDC01
ID,MRMDNS01,ID_MR_MRMDNS01
ID,MRJBDC01,ID_MR_MRJBDC01
ID,MRBGCKX01,ID_MR_MRBGCKX01
ID,MRPKCKX02,ID_MR_MRPKCKX02
ID,MRJKCK05,ID_MR_MRJKCK05
ID,MRJKGW2XX,ID_MR_MRJKGW2XX
ID,MRJKNK03,ID_MR_MRJKNK03
ID,MRMLCKX02,ID_MR_MRMLCKX02
ID,MRJKCK07,ID_MR_MRJKCK07
ID,MRJKNK05,ID_MR_MRJKNK05
ID,MRJKCK06,ID_MR_MRJKCK06
ID,MRJKCN01,ID_MR_MRJKCN01
ID,MRJKNK02,ID_MR_MRJKNK02
ID,MRJKCK01,ID_MR_MRJKCK01
ID,MRJKCK04,ID_MR_MRJKCK04
ID,MRPTCKX01,ID_MR_MRPTCKX01
ID,MRSMCN02,ID_MR_MRSMCN02
ID,MRMLCKX01,ID_MR_MRMLCKX01
ID,MRJKCK02,ID_MR_MRJKCK02
ID,MRSOCKX01,ID_MR_MRSOCKX01
ID,MRSBGW1XX,ID_MR_MRSBGW1XX
ID,MRPBCKX01,ID_MR_MRPBCKX01
ID,MRJKCM2XX,ID_MR_MRJKCM2XX
ID,MRTGCKX02,ID_MR_MRTGCKX02
ID,MRJKCK03,ID_MR_MRJKCK03
ID,MRBDCM1XX,ID_MR_MRBDCM1XX
ID,MRJKOB04,ID_MR_MRJKOB04
ID,MRYOCN01,ID_MR_MRYOCN01
ID,MRSBOB02,ID_MR_MRSBOB02
ID,MRJKCKX01,ID_MR_MRJKCKX01
ID,MRSMCN01,ID_MR_MRSMCN01
ID,MRMDCKX03,ID_MR_MRMDCKX03
ID,MRSBCK03,ID_MR_MRSBCK03
ID,MRBDCN01,ID_MR_MRBDCN01
ID,MRBDOB02,ID_MR_MRBDOB02
ID,MRJKCK08,ID_MR_MRJKCK08
ID,MRBJCKX01,ID_MR_MRBJCKX01
ID,MRMDCKX01,ID_MR_MRMDCKX01
ID,MRBKCN01,ID_MR_MRBKCN01
ID,MRBDCN03,ID_MR_MRBDCN03
ID,MRSBCK01,ID_MR_MRSBCK01
ID,MRJKNK01,ID_MR_MRJKNK01
ID,MRBJVM01,ID_MR_MRBJVM01
ID,MRBLRE01,ID_MR_MRBLRE01
ID,MRBLVM01,ID_MR_MRBLVM01
ID,MRDPVM01,ID_MR_MRDPVM01
ID,MRJKCV22,ID_MR_MRJKCV22
ID,MRJKME07,ID_MR_MRJKME07
ID,MRKDVM01,ID_MR_MRKDVM01
ID,MRMKRE01,ID_MR_MRMKRE01
ID,MRMKVM01,ID_MR_MRMKVM01
ID,MRMKVM03,ID_MR_MRMKVM03
ID,MRPBVM03,ID_MR_MRPBVM03
ID,MRPTVM01,ID_MR_MRPTVM01
ID,MRSDVM01,ID_MR_MRSDVM01
ID,MRSMRE01,ID_MR_MRSMRE01
ID,MRYOVM01,ID_MR_MRYOVM01
ID,MRSBCRX1,ID_MR_MRSBCRX1
ID,MRBDCV02,ID_MR_MRBDCV02
ID,MRBDME05,ID_MR_MRBDME05
ID,MRDPRE01,ID_MR_MRDPRE01
ID,MRMDCV02,ID_MR_MRMDCV02
ID,MRMDRE02,ID_MR_MRMDRE02
ID,MRMKVM02,ID_MR_MRMKVM02
ID,MRSDRE01,ID_MR_MRSDRE01
ID,MRYOVM02,ID_MR_MRYOVM02
ID,MRBDME04,ID_MR_MRBDME04
ID,MRBJRE01,ID_MR_MRBJRE01
ID,MRJKCV21,ID_MR_MRJKCV21
ID,MRJKME15,ID_MR_MRJKME15
ID,MRJKME17,ID_MR_MRJKME17
ID,MRMKRE02,ID_MR_MRMKRE02
ID,MRMLCV01,ID_MR_MRMLCV01
ID,MRMNVM01,ID_MR_MRMNVM01
ID,MRPBRE02,ID_MR_MRPBRE02
ID,MRPDRE01,ID_MR_MRPDRE01
ID,MRPKVM01,ID_MR_MRPKVM01
ID,MRTMRE01,ID_MR_MRTMRE01
ID,MRJKME23,ID_MR_MRJKME23
ID,MRCRVM01,ID_MR_MRCRVM01
ID,MRJKRE04,ID_MR_MRJKRE04
ID,MRSBCV04,ID_MR_MRSBCV04
ID,MRSBME04,ID_MR_MRSBME04
ID,MRDPVM02,ID_MR_MRDPVM02
ID,MRJKRE02,ID_MR_MRJKRE02
ID,MRMLRE02,ID_MR_MRMLRE02
ID,MRPBRE01,ID_MR_MRPBRE01
ID,MRPDVM01,ID_MR_MRPDVM01
ID,MRSMCV01,ID_MR_MRSMCV01
ID,MRPKCRX1,ID_MR_MRPKCRX1
ID,MRJKCV20,ID_MR_MRJKCV20
ID,MRJKME06,ID_MR_MRJKME06
ID,MRSBCV01,ID_MR_MRSBCV01
ID,MRBDVMX1,ID_MR_MRBDVMX1
ID,MRBDME01,ID_MR_MRBDME01
ID,MRSBME07,ID_MR_MRSBME07
ID,MRPKVM02,ID_MR_MRPKVM02
ID,MRBDRE01,ID_MR_MRBDRE01
ID,MRJKCV06,ID_MR_MRJKCV06
ID,MRMNRE01,ID_MR_MRMNRE01
ID,MRTMVM01,ID_MR_MRTMVM01
ID,MRJKCV03,ID_MR_MRJKCV03
ID,MRJKME08,ID_MR_MRJKME08
ID,MRCRRE01,ID_MR_MRCRRE01
ID,MRJKCV10,ID_MR_MRJKCV10
ID,MRJKCV19,ID_MR_MRJKCV19
ID,MRSOVM01,ID_MR_MRSOVM01
ID,MRPBVM01,ID_MR_MRPBVM01
ID,MRJKRE05,ID_MR_MRJKRE05
ID,MRSORE01,ID_MR_MRSORE01
ID,MRJKRE07,ID_MR_MRJKRE07
ID,MRJKSP02,ID_MR_MRJKSP02
ID,MRBPVM01,ID_MR_MRBPVM01
ID,MRJKCV09,ID_MR_MRJKCV09
ID,MRJKCV13,ID_MR_MRJKCV13
ID,MRJKME22,ID_MR_MRJKME22
ID,MRJKME26,ID_MR_MRJKME26
ID,MRJKME27,ID_MR_MRJKME27
ID,MRJKRE10,ID_MR_MRJKRE10
ID,MRSBCV02,ID_MR_MRSBCV02
ID,MRSBCV03,ID_MR_MRSBCV03
ID,MRCLME01,ID_MR_MRCLME01
ID,MRJKCV23,ID_MR_MRJKCV23
ID,MRJKME30,ID_MR_MRJKME30
ID,MRPBCRX1,ID_MR_MRPBCRX1
ID,MRJKSP03,ID_MR_MRJKSP03
ID,MRJKRE01,ID_MR_MRJKRE01
ID,MRKURE01,ID_MR_MRKURE01
ID,MRBDCV01,ID_MR_MRBDCV01
ID,MRBDCV03,ID_MR_MRBDCV03
ID,MRCRRE02,ID_MR_MRCRRE02
ID,MRJKCV17,ID_MR_MRJKCV17
ID,MRJKME03,ID_MR_MRJKME03
ID,MRJKME18,ID_MR_MRJKME18
ID,MRSMRE02,ID_MR_MRSMRE02
ID,MRSBSP02,ID_MR_MRSBSP02
ID,MRJKCV01,ID_MR_MRJKCV01
ID,MRMDME02,ID_MR_MRMDME02
ID,MRJKSP01,ID_MR_MRJKSP01
ID,MRPDSP01,ID_MR_MRPDSP01
ID,MRBDME02,ID_MR_MRBDME02
ID,MRPWRE01,ID_MR_MRPWRE01
ID,MRSBRE01,ID_MR_MRSBRE01
ID,MRJKCV12,ID_MR_MRJKCV12
ID,MRPKRE01,ID_MR_MRPKRE01
ID,MRSKRE01,ID_MR_MRSKRE01
ID,MRJKCV02,ID_MR_MRJKCV02
ID,MRPSRE01,ID_MR_MRPSRE01
ID,MRJKRE03,ID_MR_MRJKRE03
ID,MRKDRE01,ID_MR_MRKDRE01
ID,MRBDRE02,ID_MR_MRBDRE02
ID,MRJKME21,ID_MR_MRJKME21
ID,MRSBME06,ID_MR_MRSBME06
ID,MRJKCV15,ID_MR_MRJKCV15
ID,MRJKME01,ID_MR_MRJKME01
ID,MRSBRE02,ID_MR_MRSBRE02
ID,MRJKME24,ID_MR_MRJKME24
ID,MRJKME02,ID_MR_MRJKME02
ID,MRBDME03,ID_MR_MRBDME03
ID,MRJKME11,ID_MR_MRJKME11
ID,MRMDCV01,ID_MR_MRMDCV01
ID,MRMDME01,ID_MR_MRMDME01
ID,MRJKOF02,ID_MR_MRJKOF02
ID,MRSBSP01,ID_MR_MRSBSP01
ID,MRJKOL03,ID_MR_MRJKOL03
ID,MRMLME01,ID_MR_MRMLME01
ID,MRJKVMX5,ID_MR_MRJKVMX5
ID,MRJKCV07,ID_MR_MRJKCV07
ID,MRJKME31,ID_MR_MRJKME31
ID,MRSMCV02,ID_MR_MRSMCV02
ID,MRSBME01,ID_MR_MRSBME01
ID,MRJKME13,ID_MR_MRJKME13
ID,MRJKME20,ID_MR_MRJKME20
ID,MRJKRE06,ID_MR_MRJKRE06
ID,MRSBME02,ID_MR_MRSBME02
ID,MRBTVM01,ID_MR_MRBTVM01
ID,MRPKDC01,ID_MR_MRPKDC01
ID,MRJKD110,ID_MR_MRJKD110
ID,MRTMDC01,ID_MR_MRTMDC01
ID,MRBJDC01,ID_MR_MRBJDC01
ID,MRJKD112,ID_MR_MRJKD112
ID,MRMLD101,ID_MR_MRMLD101
ID,MRMNDC01,ID_MR_MRMNDC01
ID,MRJKD104,ID_MR_MRJKD104
ID,MRTAEDC1,ID_MR_MRTAEDC1
ID,MRBKDC01,ID_MR_MRBKDC01
ID,MRBADC01,ID_MR_MRBADC01
ID,MRBDD102,ID_MR_MRBDD102
ID,MRBDDC01,ID_MR_MRBDDC01
ID,MRJKD101,ID_MR_MRJKD101
ID,MRSDDC01,ID_MR_MRSDDC01
ID,MRYOD101,ID_MR_MRYOD101
ID,MRSBD201,ID_MR_MRSBD201
ID,MRJKD2Z1,ID_MR_MRJKD2Z1
ID,MRDPD101,ID_MR_MRDPD101
ID,MRBKDC02,ID_MR_MRBKDC02
ID,MRSBD101,ID_MR_MRSBD101
ID,MRJKD109,ID_MR_MRJKD109
ID,MRJKD204,ID_MR_MRJKD204
ID,MRJKD205,ID_MR_MRJKD205
ID,MRMDD102,ID_MR_MRMDD102
ID,MRSBD203,ID_MR_MRSBD203
ID,MRJBDC02,ID_MR_MRJBDC02
ID,MRJKDC01,ID_MR_MRJKDC01
ID,MRSBDP02,ID_MR_MRSBDP02
ID,MRJKJAXX,ID_MR_MRJKJAXX
ID,MRJKAL02,ID_MR_MRJKAL02
ID,MRJKOL02,ID_MR_MRJKOL02
ID,MRJKME25,ID_MR_MRJKME25
ID,MRMLCRX1,ID_MR_MRMLCRX1
ID,MRJKME09,ID_MR_MRJKME09
ID,MRBDAB01,ID_MR_MRBDAB01
ID,MRSBOL01,ID_MR_MRSBOL01
ID,MRSBAB01,ID_MR_MRSBAB01
ID,MRSMPCX1,ID_MR_MRSMPCX1
ID,MRJKJA02,ID_MR_MRJKJA02
ID,MRJKAL09,ID_MR_MRJKAL09
ID,MRJKD107,ID_MR_MRJKD107
ID,MRMKOC01,ID_MR_MRMKOC01
ID,MRCRDC01,ID_MR_MRCRDC01
ID,MRPWDC02,ID_MR_MRPWDC02
ID,MRSOD202,ID_MR_MRSOD202
ID,MRJKNS04,ID_MR_MRJKNS04
ID,MRKDDC01,ID_MR_MRKDDC01
ID,MRSBRX02,ID_MR_MRSBRX02
ID,MRBDCN02,ID_MR_MRBDCN02
ID,MRSMME01,ID_MR_MRSMME01
ID,MRJKRE09,ID_MR_MRJKRE09
ID,MRJKVMX3,ID_MR_MRJKVMX3
ID,MRJKCV08,ID_MR_MRJKCV08
ID,MRMLRE01,ID_MR_MRMLRE01
ID,MRSMME03,ID_MR_MRSMME03
ID,MRJKVMX2,ID_MR_MRJKVMX2
ID,MRBAVM01,ID_MR_MRBAVM01
ID,MRJKCV04,ID_MR_MRJKCV04
ID,MRJKME34,ID_MR_MRJKME34
ID,MRBARE01,ID_MR_MRBARE01
ID,MRYOSP01,ID_MR_MRYOSP01
ID,MRJKCV14,ID_MR_MRJKCV14
ID,MRJKCV16,ID_MR_MRJKCV16
ID,MRJKME35,ID_MR_MRJKME35
ID,MRSBME05,ID_MR_MRSBME05
ID,MRBDD101,ID_MR_MRBDD101
ID,MRJKD1Z1,ID_MR_MRJKD1Z1
ID,MRTGD202,ID_MR_MRTGD202
ID,MRMKAL01,ID_MR_MRMKAL01
ID,MRJKAL06,ID_MR_MRJKAL06
ID,MRMDDP01,ID_MR_MRMDDP01
ID,MRJKME33,ID_MR_MRJKME33
ID,MRJKAL03,ID_MR_MRJKAL03
ID,MRJKAL05,ID_MR_MRJKAL05
ID,MRSMAB01,ID_MR_MRSMAB01
ID,MRMDAB01,ID_MR_MRMDAB01
ID,MRSBCK02,ID_MR_MRSBCK02
ID,MRSMME02,ID_MR_MRSMME02
ID,MRJKME10,ID_MR_MRJKME10
ID,MRMDCRX1,ID_MR_MRMDCRX1
ID,MRSOCRX1,ID_MR_MRSOCRX1
ID,MRMKCRX1,ID_MR_MRMKCRX1
ID,MRJKME05,ID_MR_MRJKME05
ID,MRJKME28,ID_MR_MRJKME28
ID,MRJKOF01,ID_MR_MRJKOF01
ID,MRJKME32,ID_MR_MRJKME32
ID,MRJKME19,ID_MR_MRJKME19
ID,MRTGD201,ID_MR_MRTGD201
ID,MRJKD201,ID_MR_MRJKD201
ID,MRBGDC01,ID_MR_MRBGDC01
ID,MRBGAB01,ID_MR_MRBGAB01
ID,MRPBJA01,ID_MR_MRPBJA01
ID,OSTGGJX1,ID_MR_OSTGGJX1
ID,MRPKDP01,ID_MR_MRPKDP01
ID,MRMDOC01,ID_MR_MRMDOC01
ID,MRSBNK01,ID_MR_MRSBNK01
ID,MRMDME03,ID_MR_MRMDME03
ID,MRJKME16,ID_MR_MRJKME16
ID,MRJKME12,ID_MR_MRJKME12
ID,MRJKME29,ID_MR_MRJKME29
ID,MRJKD116,ID_MR_MRJKD116
ID,MRJKME04,ID_MR_MRJKME04
ID,MRSBCY01,ID_MR_MRSBCY01
ID,MRHODBX1,ID_MR_MRHODBX1
ID,MRJKD202,ID_MR_MRJKD202
ID,MRSBME03,ID_MR_MRSBME03
ID,MRJKME14,ID_MR_MRJKME14
ID,MRBPNAL01,ID_MR_MRBPNAL01
ID,MRDPAL01,ID_MR_MRDPAL01
ID,MRSMCRX1,ID_MR_MRSMCRX1
ID,MRJKVMX4,ID_MR_MRJKVMX4
ID,MRJKAL07,ID_MR_MRJKAL07
ID,MRSMCW1XX,ID_MR_MRSMCW1XX
ID,MRBDCRX1,ID_MR_MRBDCRX1
ID,MRTANSX1,ID_MR_MRTANSX1
ID,MRJKREX1,ID_MR_MRJKREX1
ID,MRSMAL01,ID_MR_MRSMAL01
ID,MRJKSPX1,ID_MR_MRJKSPX1
ID,MRBKABX1,ID_MR_MRBKABX1
TH,945,TH_945
TH,257,TH_257
TH,947,TH_947
TH,991,TH_991
TH,971,TH_971
TH,065,TH_065
TH,951,TH_951
TH,674,TH_674
TH,069,TH_069
TH,EC8,TH_EC8
TH,VH7,TH_VH7
TH,975,TH_975
TH,641,TH_641
TH,672,TH_672
TH,291,TH_291
TH,VHA,TH_VHA
TH,256,TH_256
TH,068,TH_068
TH,061,TH_061
TH,941,TH_941
TH,VHF,TH_VHF
TH,079,TH_079
TH,955,TH_955
TH,295,TH_295
TH,EC6,TH_EC6
TH,EJE,TH_EJE
TH,063,TH_063
TH,977,TH_977
TH,066,TH_066
TH,062,TH_062
TH,EJB,TH_EJB
TH,950,TH_950
TH,668,TH_668
TH,670,TH_670
TH,070,TH_070
TH,PO7,TH_PO7
TH,959,TH_959
TH,VHC,TH_VHC
TH,954,TH_954
TH,175,TH_175
TH,071,TH_071
TH,EHC,TH_EHC
TH,EB1,TH_EB1
TH,990,TH_990
TH,942,TH_942
TH,PC1,TH_PC1
TH,VAA,TH_VAA
TH,673,TH_673
TH,664,TH_664
TH,299,TH_299
TH,EE5,TH_EE5
TH,EEN,TH_EEN
TH,943,TH_943
TH,067,TH_067
TH,VH8,TH_VH8
TH,PO4,TH_PO4
TH,631,TH_631
TH,648,TH_648
TH,994,TH_994
TH,VH1,TH_VH1
TH,392,TH_392
TH,072,TH_072
TH,VHB,TH_VHB
TH,984,TH_984
TH,948,TH_948
TH,972,TH_972
TH,EHK,TH_EHK
TH,643,TH_643
TH,956,TH_956
TH,654,TH_654
TH,293,TH_293
TH,393,TH_393
TH,640,TH_640
TH,EC2,TH_EC2
TH,644,TH_644
TH,296,TH_296
TH,650,TH_650
TH,EC5,TH_EC5
TH,652,TH_652
TH,PO5,TH_PO5
TH,PC3,TH_PC3
TH,258,TH_258
TH,833,TH_833
TH,830,TH_830
TH,669,TH_669
TH,VH4,TH_VH4
TH,953,TH_953
TH,940,TH_940
TH,PO6,TH_PO6
TH,973,TH_973
TH,651,TH_651
TH,671,TH_671
TH,647,TH_647
TH,946,TH_946
TH,667,TH_667
TH,982,TH_982
TH,EF6,TH_EF6
TH,957,TH_957
TH,EO9,TH_EO9
TH,EC7,TH_EC7
TH,VHE,TH_VHE
TH,996,TH_996
TH,944,TH_944
TH,EO4,TH_EO4
TH,PO3,TH_PO3
TH,665,TH_665
TH,290,TH_290
TH,642,TH_642
TH,EB5,TH_EB5
TH,VHD,TH_VHD
TH,663,TH_663
TH,298,TH_298
TH,EGF,TH_EGF
TH,958,TH_958
TH,EB7,TH_EB7
TH,390,TH_390
TH,660,TH_660
TH,661,TH_661
TH,VH3,TH_VH3
TH,PO1,TH_PO1
TH,EC1,TH_EC1
TH,VH6,TH_VH6
TH,EEP,TH_EEP
TH,974,TH_974
TH,EB2,TH_EB2
TH,662,TH_662
TH,832,TH_832
TH,834,TH_834
TH,831,TH_831
TH,653,TH_653
TH,649,TH_649
TH,949,TH_949
TH,976,TH_976
TH,915,TH_915
TH,916,TH_916
TH,928,TH_928
TH,932,TH_932
TH,930,TH_930
TH,923,TH_923
TH,926,TH_926
TH,903,TH_903
TH,902,TH_902
TH,921,TH_921
TH,905,TH_905
TH,927,TH_927
TH,922,TH_922
TH,904,TH_904
TH,925,TH_925
TH,911,TH_911
TH,931,TH_931
TH,901,TH_901
TH,912,TH_912
TH,900,TH_900
TH,929,TH_929
TH,924,TH_924
TH,391,TH_391
TH,394,TH_394
TH,297,TH_297
TH,506,TH_506
TH,500,TH_500
TH,508,TH_508
TH,516,TH_516
TH,512,TH_512
TH,501,TH_501
TH,504,TH_504
TH,051,TH_051
TH,507,TH_507
TH,054,TH_054
TH,056,TH_056
TH,513,TH_513
TH,053,TH_053
TH,515,TH_515
TH,505,TH_505
TH,518,TH_518
TH,059,TH_059
TH,503,TH_503
TH,731,TH_731
TH,514,TH_514
TH,517,TH_517
TH,511,TH_511
TH,510,TH_510
TH,058,TH_058
TH,772,TH_772
TH,733,TH_733
TH,736,TH_736
TH,737,TH_737
TH,769,TH_769
TH,773,TH_773
TH,771,TH_771
TH,738,TH_738
TH,768,TH_768
TH,765,TH_765
TH,763,TH_763
TH,764,TH_764
TH,735,TH_735
TH,766,TH_766
TH,734,TH_734
TH,770,TH_770
TH,739,TH_739
TH,882,TH_882
TH,852,TH_852
TH,895,TH_895
TH,884,TH_884
TH,854,TH_854
TH,855,TH_855
TH,862,TH_862
TH,861,TH_861
TH,851,TH_851
TH,883,TH_883
TH,887,TH_887
TH,885,TH_885
TH,894,TH_894
TH,891,TH_891
TH,896,TH_896
TH,893,TH_893
TH,881,TH_881
TH,853,TH_853
TH,892,TH_892
TH,871,TH_871
TH,886,TH_886
TH,856,TH_856
TH,VAD,TH_VAD
TH,VAF,TH_VAF
TH,VAB,TH_VAB
TH,VAN,TH_VAN
TH,VAM,TH_VAM
TH,VAO,TH_VAO
TH,VAL,TH_VAL
TH,VAP,TH_VAP
TH,VAC,TH_VAC
TH,EHB,TH_EHB
TH,EA6,TH_EA6
TH,ED9,TH_ED9
TH,ED4,TH_ED4
TH,EA4,TH_EA4
TH,EA1,TH_EA1
TH,EO5,TH_EO5
TH,ED6,TH_ED6
TH,EGD,TH_EGD
TH,ED8,TH_ED8
TH,EO2,TH_EO2
TH,EDB,TH_EDB
TH,EGA,TH_EGA
TH,EO1,TH_EO1
TH,EO3,TH_EO3
TH,EC3,TH_EC3
TH,EJC,TH_EJC
TH,EGI,TH_EGI
TH,EGE,TH_EGE
TH,EF1,TH_EF1
TH,EDF,TH_EDF
TH,EB4,TH_EB4
TH,EG0,TH_EG0
TH,ED1,TH_ED1
TH,ED2,TH_ED2
TH,EE8,TH_EE8
TH,EA2,TH_EA2
TH,EGK,TH_EGK
TH,EGJ,TH_EGJ
TH,EC4,TH_EC4
TH,EB6,TH_EB6
TH,EHE,TH_EHE
TH,EJF,TH_EJF
TH,EF5,TH_EF5
TH,EJD,TH_EJD
TH,EE0,TH_EE0
TH,EF7,TH_EF7
TH,EJG,TH_EJG
TH,EEM,TH_EEM
TH,EJJ,TH_EJJ
TH,EE7,TH_EE7
TH,EEO,TH_EEO
TH,EF2,TH_EF2
TH,EEA,TH_EEA
TH,EEB,TH_EEB
TH,EGC,TH_EGC
TH,EE3,TH_EE3
TH,EHD,TH_EHD
TH,EEG,TH_EEG
TH,EED,TH_EED
TH,EK2,TH_EK2
TH,EEQ,TH_EEQ
TH,EHG,TH_EHG
TH,EHH,TH_EHH
TH,EER,TH_EER
TH,EF8,TH_EF8
TH,EGH,TH_EGH
TH,VAE,TH_VAE
TH,PC2,TH_PC2
TH,993,TH_993
TH,EE9,TH_EE9
TH,EA3,TH_EA3
TH,EGB,TH_EGB
TH,ED7,TH_ED7
TH,EDE,TH_EDE
TH,EE6,TH_EE6
TH,ED5,TH_ED5
TH,EJI,TH_EJI
TH,EA7,TH_EA7
TH,EE4,TH_EE4
TH,EDD,TH_EDD
TH,EDC,TH_EDC
TH,EA5,TH_EA5
TH,EHF,TH_EHF
TH,EDG,TH_EDG
TH,EGG,TH_EGG
TH,EJA,TH_EJA
TH,EES,TH_EES
TH,EEF,TH_EEF
TH,EF4,TH_EF4
TH,EF9,TH_EF9
TH,EF3,TH_EF3
TH,EHJ,TH_EHJ
TH,EEH,TH_EEH
TH,EHA,TH_EHA
TH,EE1,TH_EE1
TH,EHI,TH_EHI
TH,PC4,TH_PC4
TH,PO2,TH_PO2
TH,960,TH_960
TH,052,TH_052
TH,ED3,TH_ED3
TH,EDA,TH_EDA
TH,EA8,TH_EA8
TH,EB3,TH_EB3
TH,EJH,TH_EJH
TH,EEC,TH_EEC
TH,EEJ,TH_EEJ
TH,EE2,TH_EE2
TH,EEI,TH_EEI
TH,EEL,TH_EEL
TH,EEK,TH_EEK
TH,EEE,TH_EEE
TH,EO8,TH_EO8
TH,VAZ,TH_VAZ
TH,EB0,TH_EB0
TH,EK1,TH_EK1
TH,PC0,TH_PC0
TH,VH0,TH_VH0
PH,ABVNATL04,PH_ABVNATL04
PH,DIABSL02,PH_DIABSL02
PH,PROTLC,PH_PROTLC
PH,ABVNATL07,PH_ABVNATL07
PH,CHC5NAT05,PH_CHC5NAT05
PH,ABVNATL01,PH_ABVNATL01
PH,DIABGMA07,PH_DIABGMA07
PH,CHCNL06,PH_CHCNL06
PH,CHCMIN01,PH_CHCMIN01
PH,CVM2_HA,PH_CVM2_HA
PH,KLNATL04,PH_KLNATL04
PH,CSLNATL07,PH_CSLNATL07
PH,DIABSL05,PH_DIABSL05
PH,DIABVM08,PH_DIABVM08
PH,CHC4NAT04,PH_CHC4NAT04
PH,CHC5NAT02,PH_CHC5NAT02
PH,CSLNATL04,PH_CSLNATL04
PH,CHCSL02,PH_CHCSL02
PH,CHC5NAT07,PH_CHC5NAT07
PH,DIABGMA01,PH_DIABGMA01
PH,CSLNATL03,PH_CSLNATL03
PH,CHCSL06,PH_CHCSL06
PH,CHCVIS01,PH_CHCVIS01
PH,DIABSL04,PH_DIABSL04
PH,CVISMIN04,PH_CVISMIN04
PH,CHCDERM01,PH_CHCDERM01
PH,CHCMIN033,PH_CHCMIN033
PH,ABVNATL03,PH_ABVNATL03
PH,CHCMIN02,PH_CHCMIN02
PH,CHC5NAT01,PH_CHC5NAT01
PH,DIABGMA04,PH_DIABGMA04
PH,CFXNATL03,PH_CFXNATL03
PH,CSLNATL02,PH_CSLNATL02
PH,CSLNATL01,PH_CSLNATL01
PH,DIABGMA08,PH_DIABGMA08
PH,CHCSL05,PH_CHCSL05
PH,NONPROM,PH_NONPROM
PH,CHCMIN03,PH_CHCMIN03
PH,KLNATL09,PH_KLNATL09
PH,CHCNWGMA05,PH_CHCNWGMA05
PH,DIABNL04,PH_DIABNL04
PH,CHCMIN06,PH_CHCMIN06
PH,DIABNL05,PH_DIABNL05
PH,DIABSL01,PH_DIABSL01
PH,CHCNWGMA01,PH_CHCNWGMA01
PH,CFXNATL08,PH_CFXNATL08
PH,CHCNGMA08,PH_CHCNGMA08
PH,MWH303,PH_MWH303
PH,ABVNATL02,PH_ABVNATL02
PH,CHCVIS07,PH_CHCVIS07
PH,KLNATL06,PH_KLNATL06
PH,DIABSL03,PH_DIABSL03
PH,CHCNL07,PH_CHCNL07
PH,KLNATL03,PH_KLNATL03
PH,DIABNL03,PH_DIABNL03
PH,DIABVM06,PH_DIABVM06
PH,GASNATL01,PH_GASNATL01
PH,DIABSL07,PH_DIABSL07
PH,CHC5NAT06,PH_CHC5NAT06
PH,DIABGMA05,PH_DIABGMA05
PH,CHC5NAT03,PH_CHC5NAT03
PH,CHCSEGMA02,PH_CHCSEGMA02
PH,CHCSEGMA03,PH_CHCSEGMA03
PH,CHCVIS02,PH_CHCVIS02
PH,DIABVM01,PH_DIABVM01
PH,GASNATL06,PH_GASNATL06
PH,KLNATL02,PH_KLNATL02
PH,DIABVM07,PH_DIABVM07
PH,CHCSEGMA01,PH_CHCSEGMA01
PH,CHCSEGMA07,PH_CHCSEGMA07
PH,CFXNATL06,PH_CFXNATL06
PH,DIABVM05,PH_DIABVM05
PH,CSLNATL06,PH_CSLNATL06
PH,CHCSEGMA06,PH_CHCSEGMA06
PH,CNLGMA03,PH_CNLGMA03
PH,MSDVM01,PH_MSDVM01
PH,MSDSLGMA06,PH_MSDSLGMA06
PH,MSDSLGMA07,PH_MSDSLGMA07
PH,CVM1NL04,PH_CVM1NL04
PH,MSDNLGMA07,PH_MSDNLGMA07
PH,MSDSLGMA05,PH_MSDSLGMA05
PH,CNLGMA05,PH_CNLGMA05
PH,CNLGMA02,PH_CNLGMA02
PH,MSDGMA03,PH_MSDGMA03
PH,CVISMIN02,PH_CVISMIN02
PH,CVISMIN05,PH_CVISMIN05
PH,MSDGMA04,PH_MSDGMA04
PH,CNLGMA04,PH_CNLGMA04
PH,CVM1_HA,PH_CVM1_HA
PH,CNLGMA07,PH_CNLGMA07
PH,CNLGMA09,PH_CNLGMA09
PH,MSDNLGMA04,PH_MSDNLGMA04
PH,MSDSLGMA04,PH_MSDSLGMA04
PH,MSDGMA06,PH_MSDGMA06
PH,MSDVM06,PH_MSDVM06
PH,CSLGMA05,PH_CSLGMA05
PH,CVISMIN03,PH_CVISMIN03
PH,MSDSLGMA03,PH_MSDSLGMA03
PH,MSDVM03,PH_MSDVM03
PH,CVM1VM07,PH_CVM1VM07
PH,MSDGMA07,PH_MSDGMA07
PH,CSLGMA04,PH_CSLGMA04
PH,MSDSLGMA01,PH_MSDSLGMA01
PH,MSDSLGMA02,PH_MSDSLGMA02
PH,MSDVM02,PH_MSDVM02
PH,CNLGMA06,PH_CNLGMA06
PH,CVISMIN06,PH_CVISMIN06
PH,CSLGMA03,PH_CSLGMA03
PH,MSDNLGMA02,PH_MSDNLGMA02
PH,MSDNLGMA03,PH_MSDNLGMA03
PH,CNLGMA08,PH_CNLGMA08
PH,CVM1VM06,PH_CVM1VM06
PH,MSDNLGMA06,PH_MSDNLGMA06
PH,CSLGMA01,PH_CSLGMA01
PH,CNLGMA01,PH_CNLGMA01
PH,CVM1MIN01,PH_CVM1MIN01
PH,MSDNLGMA05,PH_MSDNLGMA05
PH,MSDGMA02,PH_MSDGMA02
PH,CSLGMA02,PH_CSLGMA02
PH,CVM1VM01,PH_CVM1VM01
PH,MSDVM04,PH_MSDVM04
PH,MSDGMA05,PH_MSDGMA05
PH,MSDVM05,PH_MSDVM05
PH,MSDNLGMA01,PH_MSDNLGMA01
PH,MSDGMA01,PH_MSDGMA01
PH,DIABGMA06,PH_DIABGMA06
PH,DIABSL06,PH_DIABSL06
PH,DIABNL06,PH_DIABNL06
PH,DIABVM04,PH_DIABVM04
PH,DIABVM03,PH_DIABVM03
PH,DIABVM09,PH_DIABVM09
PH,DIABNL07,PH_DIABNL07
PH,DIABGMA03,PH_DIABGMA03
PH,DIABGMA02,PH_DIABGMA02
PH,DIABNL02,PH_DIABNL02
PH,DIABNL01,PH_DIABNL01
PH,MWH_HA,PH_MWH_HA
PH,CHCSL08,PH_CHCSL08
PH,CHC4NAT03,PH_CHC4NAT03
PH,CHCSEGMA04,PH_CHCSEGMA04
PH,CHCNL04,PH_CHCNL04
PH,CHCSL04,PH_CHCSL04
PH,CHC4NAT01,PH_CHC4NAT01
PH,CHCMIN04,PH_CHCMIN04
PH,CHCSL01,PH_CHCSL01
PH,CHC5NAT04,PH_CHC5NAT04
PH,CFXNATL01,PH_CFXNATL01
PH,CFXNATL05,PH_CFXNATL05
PH,CHCMIN07,PH_CHCMIN07
PH,CHCDERM05,PH_CHCDERM05
PH,CHCDERM03,PH_CHCDERM03
PH,CHCVIS04,PH_CHCVIS04
PH,CHCSEGMA05,PH_CHCSEGMA05
PH,CHCNL03,PH_CHCNL03
PH,CHCNWGMA02,PH_CHCNWGMA02
PH,CHCDERM06,PH_CHCDERM06
PH,CHCDERM04,PH_CHCDERM04
PH,CHCSEGMA08,PH_CHCSEGMA08
PH,CHCSEGMA09,PH_CHCSEGMA09
PH,CHCNL02,PH_CHCNL02
PH,CHCSL03,PH_CHCSL03
PH,CHCSL07,PH_CHCSL07
PH,KLNATL08,PH_KLNATL08
PH,CHCNWGMA04,PH_CHCNWGMA04
PH,CHC_HA,PH_CHC_HA
PH,CHCMIN05,PH_CHCMIN05
PH,CHCVIS05,PH_CHCVIS05
PH,CHCNWGMA03,PH_CHCNWGMA03
PH,CHCVIS06,PH_CHCVIS06
PH,CHCNL08,PH_CHCNL08
PH,CHCNWGMA08,PH_CHCNWGMA08
PH,KLNATL07,PH_KLNATL07
PH,CHCNWGMA07,PH_CHCNWGMA07
PH,CHC4NAT05,PH_CHC4NAT05
PH,CHCNL01,PH_CHCNL01
PH,CHCVIS03,PH_CHCVIS03
PH,CHCNWGMA06,PH_CHCNWGMA06
PH,CHCDERM07,PH_CHCDERM07
PH,CHC4NAT02,PH_CHC4NAT02
PH,IMMU05,PH_IMMU05
PH,IMMU01,PH_IMMU01
PH,IMMU03,PH_IMMU03
PH,ONCONATL02,PH_ONCONATL02
PH,ONCONATL01,PH_ONCONATL01
PH,IMMU04,PH_IMMU04
PH,ABNATL04,PH_ABNATL04
PH,AONATL02,PH_AONATL02
PH,AONATL01,PH_AONATL01
PH,AONATL03,PH_AONATL03
PH,ABNATL01,PH_ABNATL01
PH,APNATL01,PH_APNATL01
PH,AONATL05,PH_AONATL05
PH,APNATL02,PH_APNATL02
PH,AONATL06,PH_AONATL06
PH,APNATL05,PH_APNATL05
PH,ABNATL02,PH_ABNATL02
PH,APNATL06,PH_APNATL06
PH,AONATL07,PH_AONATL07
PH,APNATL03,PH_APNATL03
PH,ABNATL06,PH_ABNATL06
PH,APNATL04,PH_APNATL04
PH,AONATL04,PH_AONATL04
PH,ABNATL03,PH_ABNATL03
PH,GAS_HA,PH_GAS_HA
PH,GASNATL05,PH_GASNATL05
PH,CFXNATL07,PH_CFXNATL07
PH,GASNATL08,PH_GASNATL08
PH,GASNATL03,PH_GASNATL03
PH,GASNATL02,PH_GASNATL02
PH,KLNATL05,PH_KLNATL05
PH,CVISMIN01,PH_CVISMIN01
PH,GASNATL205,PH_GASNATL205
PH,GASNATL04,PH_GASNATL04
PH,CFXNATL04,PH_CFXNATL04
PH,PHARMAHEX06,PH_PHARMAHEX06
PH,PHARMAHEX01,PH_PHARMAHEX01
PH,PHARMAHEX02,PH_PHARMAHEX02
PH,PHARMAHEX_HA,PH_PHARMAHEX_HA
PH,PHARMAHEX08,PH_PHARMAHEX08
PH,PHARMAHEX09,PH_PHARMAHEX09
PH,PHARMAHEX03,PH_PHARMAHEX03
PH,PHARMAHEX07,PH_PHARMAHEX07
PH,PHARMAHEX10,PH_PHARMAHEX10
PH,PHARMAHEX05,PH_PHARMAHEX05
PH,PHARMAHEX04,PH_PHARMAHEX04
PH,ABVNATL06,PH_ABVNATL06
PH,HAKNATL,PH_HAKNATL
PH,ONCONATL06,PH_ONCONATL06
PH,ABVNATL05,PH_ABVNATL05
PH,ONCONATL03,PH_ONCONATL03
PH,ONCONATL05,PH_ONCONATL05
PH,IMMU06,PH_IMMU06
PH,IMMU02,PH_IMMU02
PH,ABNATL05,PH_ABNATL05
PH,IMMU07,PH_IMMU07
PH,CSLNATL05,PH_CSLNATL05
PH,CVNATL01,PH_CVNATL01
PH,ONCONATL04,PH_ONCONATL04
PH,RH_HA,PH_RH_HA
PH,CVNATL03,PH_CVNATL03
PH,CVNATL02,PH_CVNATL02
MY,E908,MY_MR_E908
MY,M017,MY_MR_M017
MY,E510,MY_MR_E510
MY,E202,MY_MR_E202
MY,T302,MY_MR_T302
MY,M019,MY_MR_M019
MY,E705,MY_MR_E705
MY,T805,MY_MR_T805
MY,NETH,MY_MR_NETH
MY,E303,MY_MR_E303
MY,E307,MY_MR_E307
MY,T212,MY_MR_T212
MY,T311,MY_MR_T311
MY,T803,MY_MR_T803
MY,T80S,MY_MR_T80S
MY,K001,MY_MR_K001
MY,E201,MY_MR_E201
MY,E702,MY_MR_E702
MY,E710,MY_MR_E710
MY,T309,MY_MR_T309
MY,T30S,MY_MR_T30S
MY,T811,MY_MR_T811
MY,M005,MY_MR_M005
MY,M027,MY_MR_M027
MY,E701,MY_MR_E701
MY,T209,MY_MR_T209
MY,T308,MY_MR_T308
MY,T801,MY_MR_T801
MY,E704,MY_MR_E704
MY,M002,MY_MR_M002
MY,M006,MY_MR_M006
MY,E404,MY_MR_E404
MY,E709,MY_MR_E709
MY,T203,MY_MR_T203
MY,T306,MY_MR_T306
MY,T310,MY_MR_T310
MY,E405,MY_MR_E405
MY,T20S,MY_MR_T20S
MY,T307,MY_MR_T307
MY,T809,MY_MR_T809
MY,T812,MY_MR_T812
MY,M001,MY_MR_M001
MY,M003,MY_MR_M003
MY,M025,MY_MR_M025
MY,K002,MY_MR_K002
MY,E304,MY_MR_E304
MY,E706,MY_MR_E706
MY,E903,MY_MR_E903
MY,T807,MY_MR_T807
MY,T813,MY_MR_T813
MY,M010,MY_MR_M010
MY,E403,MY_MR_E403
MY,T806,MY_MR_T806
MY,M012,MY_MR_M012
MY,M013,MY_MR_M013
MY,M024,MY_MR_M024
MY,E904,MY_MR_E904
MY,T301,MY_MR_T301
MY,M023,MY_MR_M023
MY,E112,MY_MR_E112
MY,E308,MY_MR_E308
MY,E305,MY_MR_E305
MY,T207,MY_MR_T207
MY,E708,MY_MR_E708
MY,E9PS,MY_MR_E9PS
MY,T304,MY_MR_T304
MY,M007,MY_MR_M007
MY,M009,MY_MR_M009
MY,E703,MY_MR_E703
MY,E905,MY_MR_E905
MY,E306,MY_MR_E306
MY,E906,MY_MR_E906
MY,T202,MY_MR_T202
MY,E407,MY_MR_E407
MY,T802,MY_MR_T802
MY,M011,MY_MR_M011
MY,E802,MY_MR_E802
MY,E408,MY_MR_E408
MY,E401,MY_MR_E401
MY,M021,MY_MR_M021
MY,E807,MY_MR_E807
MY,E301,MY_MR_E301
MY,T208,MY_MR_T208
MY,T205,MY_MR_T205
MY,E402,MY_MR_E402
MY,T305,MY_MR_T305
MY,E902,MY_MR_E902
MY,E310,MY_MR_E310
MY,P105,MY_MR_P105
MY,M020,MY_MR_M020
MY,M018,MY_MR_M018
MY,M004,MY_MR_M004
MY,T808,MY_MR_T808
MY,M026,MY_MR_M026
MY,E203,MY_MR_E203
MY,E204,MY_MR_E204
MY,E406,MY_MR_E406
MY,E801,MY_MR_E801
MY,P103,MY_MR_P103
MY,M015,MY_MR_M015
MY,E207,MY_MR_E207
MY,E901,MY_MR_E901
MY,E804,MY_MR_E804
MY,Z101,MY_MR_Z101
MY,M008,MY_MR_M008
MY,E302,MY_MR_E302
MY,E809,MY_MR_E809
MY,E409,MY_MR_E409
MY,T201,MY_MR_T201
MY,T204,MY_MR_T204
MY,T211,MY_MR_T211
MY,T206,MY_MR_T206
MY,T210,MY_MR_T210
MY,T303,MY_MR_T303
MY,NTRD,MY_MR_NTRD
MY,E205,MY_MR_E205
MY,T409,MY_MR_T409
MY,T411,MY_MR_T411
MY,T401,MY_MR_T401
MY,T412,MY_MR_T412
MY,T413,MY_MR_T413
MY,T404,MY_MR_T404
MY,T406,MY_MR_T406
MY,T408,MY_MR_T408
MY,T407,MY_MR_T407
MY,T402,MY_MR_T402
MY,K004,MY_MR_K004
MY,E508,MY_MR_E508
MY,Z104,MY_MR_Z104
MY,E113,MY_MR_E113
MY,E115,MY_MR_E115
MY,P106,MY_MR_P106
MY,Z105,MY_MR_Z105
MY,E805,MY_MR_E805
MY,E806,MY_MR_E806
MY,E810,MY_MR_E810
MY,E812,MY_MR_E812
MY,E111,MY_MR_E111
MY,E803,MY_MR_E803
MY,P104,MY_MR_P104
MY,E11S,MY_MR_E11S
MY,Z103,MY_MR_Z103
MY,P13S,MY_MR_P13S
MY,E502,MY_MR_E502
MY,E813,MY_MR_E813
MY,E114,MY_MR_E114
MY,Z107,MY_MR_Z107
MY,E808,MY_MR_E808
MY,K005,MY_MR_K005
MY,M014,MY_MR_M014
MY,T810,MY_MR_T810
MY,MPS1,MY_MR_MPS1
MY,M022,MY_MR_M022
MY,E504,MY_MR_E504
MY,M028,MY_MR_M028
MY,K006,MY_MR_K006
MY,MSS1,MY_MR_MSS1
MY,M029,MY_MR_M029
MY,E3PS,MY_MR_E3PS
MY,E707,MY_MR_E707
MY,K012,MY_MR_K012
MY,E907,MY_MR_E907
MY,P101,MY_MR_P101
MY,E2PS,MY_MR_E2PS
MY,E506,MY_MR_E506
MY,P102,MY_MR_P102
MY,Z10PS,MY_MR_Z10PS
MY,E811,MY_MR_E811
MY,E501,MY_MR_E501
MY,E509,MY_MR_E509
MY,K003,MY_MR_K003
MY,E7PS,MY_MR_E7PS
MY,E4PS,MY_MR_E4PS
MY,P13PS,MY_MR_P13PS
MY,E505,MY_MR_E505
MY,T405,MY_MR_T405
MY,E8PS,MY_MR_E8PS
MY,Z102,MY_MR_Z102
MY,E503,MY_MR_E503
MY,Z106,MY_MR_Z106
MY,K007,MY_MR_K007
MY,K011,MY_MR_K011
MY,K008,MY_MR_K008
MY,K009,MY_MR_K009
MY,M016,MY_MR_M016
MY,K010,MY_MR_K010
MY,E9CS,MY_MR_E9CS
MY,E109,MY_MR_E109
TW,BJC1,TW_BJC1
TW,BJS2,TW_BJS2
TW,BJS8,TW_BJS8
TW,BJN6,TW_BJN6
TW,BJS5,TW_BJS5
TW,XXBU8,TW_XXBU8
TW,XXBU4,TW_XXBU4
TW,BFS7,TW_BFS7
TW,BJS7,TW_BJS7
TW,BJN2,TW_BJN2
TW,BJN3,TW_BJN3
TW,BFN2,TW_BFN2
TW,BFR4,TW_BFR4
TW,BBS5,TW_BBS5
TW,BFC3,TW_BFC3
TW,BJC4,TW_BJC4
TW,BFC5,TW_BFC5
TW,BFC6,TW_BFC6
TW,BFN6,TW_BFN6
TW,BU10_N3,TW_BU10_N3
TW,BFBUM,TW_BFBUM
TW,BFC2,TW_BFC2
TW,BBS1,TW_BBS1
TW,BU10_N2,TW_BU10_N2
TW,BJN7,TW_BJN7
TW,BJS6,TW_BJS6
TW,BFC7,TW_BFC7
TW,BAW2,TW_BAW2
TW,BJN5,TW_BJN5
TW,BAL1,TW_BAL1
TW,BJY3,TW_BJY3
TW,BJS3,TW_BJS3
TW,BU11_S1,TW_BU11_S1
TW,BIDG,TW_BIDG
TW,BIEI,TW_BIEI
TW,BIAJ,TW_BIAJ
TW,BJZD,TW_BJZD
TW,BIDH,TW_BIDH
TW,BAL2,TW_BAL2
TW,BBC1,TW_BBC1
TW,BBN3,TW_BBN3
TW,BBN4,TW_BBN4
TW,BJN8,TW_BJN8
TW,BIBE,TW_BIBE
TW,BIEH,TW_BIEH
TW,BIAE,TW_BIAE
TW,BBN5,TW_BBN5
TW,BBS6,TW_BBS6
TW,BAK2,TW_BAK2
TW,BIDF,TW_BIDF
TW,BBN1,TW_BBN1
TW,BBN2,TW_BBN2
TW,BBS3,TW_BBS3
TW,BIDJ,TW_BIDJ
TW,BAK1,TW_BAK1
TW,BBN6,TW_BBN6
TW,BFS2,TW_BFS2
TW,BU11_N2,TW_BU11_N2
TW,BU10_S1,TW_BU10_S1
TW,BJX4,TW_BJX4
TW,BFC8,TW_BFC8
TW,BICE,TW_BICE
TW,BU10_C3,TW_BU10_C3
TW,BU11_C2,TW_BU11_C2
TW,BJX2,TW_BJX2
TW,BBC2,TW_BBC2
TW,BBS7,TW_BBS7
TW,BFN4,TW_BFN4
TW,BU11_N3,TW_BU11_N3
TW,BIAH,TW_BIAH
TW,BIBG,TW_BIBG
TW,BJZ1,TW_BJZ1
TW,BJZ3,TW_BJZ3
TW,BIAF,TW_BIAF
TW,BAW1,TW_BAW1
TW,BFN7,TW_BFN7
TW,BU10_S2,TW_BU10_S2
TW,BU11_N1,TW_BU11_N1
TW,BIDP,TW_BIDP
TW,BJE3,TW_BJE3
TW,BIBF,TW_BIBF
TW,BJX1,TW_BJX1
TW,BU10_C2,TW_BU10_C2
TW,BU10_KA,TW_BU10_KA
TW,BU10_N4,TW_BU10_N4
TW,BICF,TW_BICF
TW,BU10_N1,TW_BU10_N1
TW,BJX3,TW_BJX3
TW,BJY1,TW_BJY1
TW,BHN1,TW_BHN1
TW,BHS1,TW_BHS1
TW,BHS7,TW_BHS7
TW,BHN5,TW_BHN5
TW,BHC4,TW_BHC4
TW,BHN2,TW_BHN2
TW,BHN3,TW_BHN3
TW,BHN6,TW_BHN6
TW,BHC3,TW_BHC3
TW,BHC2,TW_BHC2
TW,BHS2,TW_BHS2
TW,BHN4,TW_BHN4
TW,BHN7,TW_BHN7
TW,BHS5,TW_BHS5
TW,BHS3,TW_BHS3
TW,XXBU6,TW_XXBU6
TW,BHC1,TW_BHC1
TW,BHS6,TW_BHS6
TW,BFN3,TW_BFN3
TW,BFR1,TW_BFR1
TW,BFR5,TW_BFR5
TW,BFS5,TW_BFS5
TW,BFS8,TW_BFS8
TW,BFR3,TW_BFR3
TW,BFS1,TW_BFS1
TW,BFS3,TW_BFS3
TW,BFS6,TW_BFS6
TW,BFSA,TW_BFSA
TW,BFR7,TW_BFR7
TW,BFN1,TW_BFN1
TW,BFR6,TW_BFR6
TW,BFR2,TW_BFR2
TW,BFSC,TW_BFSC
TW,BFSB,TW_BFSB
TW,BFS4,TW_BFS4
TW,BFC4,TW_BFC4
TW,BFN5,TW_BFN5
TW,BFC1,TW_BFC1
TW,BJY2,TW_BJY2
TW,BJN4,TW_BJN4
TW,BJZ2,TW_BJZ2
TW,BU10_C1,TW_BU10_C1
TW,BU10_S3,TW_BU10_S3
TW,BIEA,TW_BIEA
TW,BIDM,TW_BIDM
TW,BI00,TW_BI00
TW,BIDD,TW_BIDD
TW,BICB,TW_BICB
TW,BIBD,TW_BIBD
TW,BIDE,TW_BIDE
TW,BIEC,TW_BIEC
TW,BIDK,TW_BIDK
TW,BIAC,TW_BIAC
TW,BIBA,TW_BIBA
TW,BICC,TW_BICC
TW,BIDB,TW_BIDB
TW,BIBC,TW_BIBC
TW,BIDN,TW_BIDN
TW,BIEJ,TW_BIEJ
TW,BIBJ,TW_BIBJ
TW,BIEL,TW_BIEL
TW,BIAA,TW_BIAA
TW,BIDC,TW_BIDC
TW,BIBB,TW_BIBB
TW,BICA,TW_BICA
TW,BIEE,TW_BIEE
TW,BIBI,TW_BIBI
TW,BJE1,TW_BJE1
TW,BIEF,TW_BIEF
TW,BIEG,TW_BIEG
TW,BU11_KA,TW_BU11_KA
TW,BHS4,TW_BHS4
TW,BJX5,TW_BJX5
TW,BIAI,TW_BIAI
TW,BIEB,TW_BIEB
TW,BIAB,TW_BIAB
TW,BIDA,TW_BIDA
TW,BICH,TW_BICH
TW,BIEK,TW_BIEK
TW,BJAD,TW_BJAD
TW,BU11_S2,TW_BU11_S2
TW,BICI,TW_BICI
TW,BICD,TW_BICD
TW,BIDO,TW_BIDO
TW,BIED,TW_BIED
TW,BU11_C1,TW_BU11_C1
TW,BBBUM,TW_BBBUM
TW,BJB0,TW_BJB0
TW,XXBU1,TW_XXBU1
SG,NETH,SG_MR_NETH
SG,E005,SG_MR_E005
SG,E002,SG_MR_E002
SG,T403,SG_MR_T403
SG,ALCO1,SG_MR_ALCO1
SG,Z2G2,SG_MR_Z2G2
SG,E003,SG_MR_E003
SG,T406,SG_MR_T406
SG,E013,SG_MR_E013
SG,T103,SG_MR_T103
SG,E010,SG_MR_E010
SG,T301,SG_MR_T301
SG,ZZ3,SG_MR_ZZ3
SG,T303,SG_MR_T303
SG,E008,SG_MR_E008
SG,ZZ2,SG_MR_ZZ2
SG,T402,SG_MR_T402
SG,T302,SG_MR_T302
SG,E015,SG_MR_E015
SG,ALCO2,SG_MR_ALCO2
SG,TLS1,SG_MR_TLS1
SG,TLS3,SG_MR_TLS3
SG,E006,SG_MR_E006
SG,E007,SG_MR_E007
BN,BNGSK2,BN_MR_B101
SG,T203,SG_MR_T203
SG,E004,SG_MR_E004
SG,NTRD,SG_MR_NTRD
SG,E001,SG_MR_E001
SG,T201,SG_MR_T201
SG,E009,SG_MR_E009
SG,T202,SG_MR_T202
SG,T109,SG_MR_T109
SG,T102,SG_MR_T102
SG,T101,SG_MR_T101
SG,T106,SG_MR_T106
SG,T104,SG_MR_T104
SG,E011,SG_MR_E011
SG,E012,SG_MR_E012
SG,TLS2,SG_MR_TLS2
BN,BNLIL1,BN_MR_B201
SG,ESS1,SG_MR_ESS1
BN,BNGSK1,BN_MR_B102
SG,T10S,SG_MR_T10S
SG,T40S,SG_MR_T40S
BN,BNABB1,BN_MR_B301
SG,T30S,SG_MR_T30S
SG,E016,SG_MR_E016
SG,GSK,SG_MR_GSK
SG,T20S,SG_MR_T20S
SG,ZE0,SG_MR_ZE0
SG,T305,SG_MR_T305
SG,ESS4,SG_MR_ESS4
SG,ESS9,SG_MR_ESS9
